2025-10-11T22:55:02.363-0600 [INFO]  Terraform version: 1.12.0
2025-10-11T22:55:02.365-0600 [DEBUG] using github.com/hashicorp/go-tfe v1.74.1
2025-10-11T22:55:02.365-0600 [DEBUG] using github.com/hashicorp/hcl/v2 v2.23.1-0.20250203194505-ba0759438da2
2025-10-11T22:55:02.365-0600 [DEBUG] using github.com/hashicorp/terraform-svchost v0.1.1
2025-10-11T22:55:02.365-0600 [DEBUG] using github.com/zclconf/go-cty v1.16.2
2025-10-11T22:55:02.365-0600 [INFO]  Go runtime version: go1.24.2
2025-10-11T22:55:02.365-0600 [INFO]  CLI args: []string{"C:\\Program Files\\Terraform\\terraform.exe", "plan"}
2025-10-11T22:55:02.373-0600 [DEBUG] Attempting to open CLI config file: C:\Users\miche\AppData\Roaming\terraform.rc
2025-10-11T22:55:02.373-0600 [DEBUG] File doesn't exist, but doesn't need to. Ignoring.
2025-10-11T22:55:02.375-0600 [DEBUG] ignoring non-existing provider search directory terraform.d/plugins
2025-10-11T22:55:02.375-0600 [DEBUG] ignoring non-existing provider search directory C:\Users\miche\AppData\Roaming\terraform.d\plugins
2025-10-11T22:55:02.378-0600 [DEBUG] ignoring non-existing provider search directory C:\Users\miche\AppData\Roaming\HashiCorp\Terraform\plugins
2025-10-11T22:55:02.379-0600 [INFO]  CLI command args: []string{"plan"}
2025-10-11T22:55:10.877-0600 [DEBUG] checking for provisioner in "."
2025-10-11T22:55:10.877-0600 [DEBUG] checking for provisioner in "C:\\Program Files\\Terraform"
2025-10-11T22:55:10.881-0600 [INFO]  backend/local: starting Plan operation
2025-10-11T22:55:10.907-0600 [DEBUG] created provider logger: level=debug
2025-10-11T22:55:10.907-0600 [INFO]  provider: configuring client automatic mTLS
2025-10-11T22:55:11.275-0600 [DEBUG] provider: starting plugin: path=.terraform/providers/registry.terraform.io/hashicorp/aws/5.100.0/windows_386/terraform-provider-aws_v5.100.0_x5.exe args=[".terraform/providers/registry.terraform.io/hashicorp/aws/5.100.0/windows_386/terraform-provider-aws_v5.100.0_x5.exe"]
2025-10-11T22:55:11.296-0600 [DEBUG] provider: plugin started: path=.terraform/providers/registry.terraform.io/hashicorp/aws/5.100.0/windows_386/terraform-provider-aws_v5.100.0_x5.exe pid=36580
2025-10-11T22:55:11.296-0600 [DEBUG] provider: waiting for RPC address: plugin=.terraform/providers/registry.terraform.io/hashicorp/aws/5.100.0/windows_386/terraform-provider-aws_v5.100.0_x5.exe
2025-10-11T22:55:11.934-0600 [DEBUG] provider.terraform-provider-aws_v5.100.0_x5.exe: Starting github.com/hashicorp/terraform-provider-aws@5.100.0 (go1.23.10)...
2025-10-11T22:55:11.938-0600 [DEBUG] provider.terraform-provider-aws_v5.100.0_x5.exe: Initializing Terraform AWS Provider...
2025-10-11T22:55:12.113-0600 [INFO]  provider.terraform-provider-aws_v5.100.0_x5.exe: configuring server automatic mTLS: timestamp=2025-10-11T22:55:12.108-0600
2025-10-11T22:55:12.454-0600 [DEBUG] provider.terraform-provider-aws_v5.100.0_x5.exe: plugin address: address=127.0.0.1:10000 network=tcp timestamp=2025-10-11T22:55:12.454-0600
2025-10-11T22:55:12.455-0600 [DEBUG] provider: using plugin: version=5
2025-10-11T22:55:15.244-0600 [DEBUG] provider.stdio: received EOF, stopping recv loop: err="rpc error: code = Unavailable desc = error reading from server: EOF"
2025-10-11T22:55:15.323-0600 [INFO]  provider: plugin process exited: plugin=.terraform/providers/registry.terraform.io/hashicorp/aws/5.100.0/windows_386/terraform-provider-aws_v5.100.0_x5.exe id=36580
2025-10-11T22:55:15.323-0600 [DEBUG] provider: plugin exited
2025-10-11T22:55:15.324-0600 [DEBUG] Building and walking validate graph
2025-10-11T22:55:15.325-0600 [DEBUG] ProviderTransformer: "aws_s3_bucket_lifecycle_configuration.state" (*terraform.NodeValidatableResource) needs provider["registry.terraform.io/hashicorp/aws"]
2025-10-11T22:55:15.325-0600 [DEBUG] ProviderTransformer: "aws_s3_bucket_server_side_encryption_configuration.state" (*terraform.NodeValidatableResource) needs provider["registry.terraform.io/hashicorp/aws"]
2025-10-11T22:55:15.325-0600 [DEBUG] ProviderTransformer: "aws_s3_bucket.state" (*terraform.NodeValidatableResource) needs provider["registry.terraform.io/hashicorp/aws"]
2025-10-11T22:55:15.326-0600 [DEBUG] ProviderTransformer: "aws_s3_bucket_ownership_controls.state" (*terraform.NodeValidatableResource) needs provider["registry.terraform.io/hashicorp/aws"]
2025-10-11T22:55:15.326-0600 [DEBUG] ProviderTransformer: "aws_dynamodb_table.locks" (*terraform.NodeValidatableResource) needs provider["registry.terraform.io/hashicorp/aws"]
2025-10-11T22:55:15.326-0600 [DEBUG] ProviderTransformer: "aws_s3_bucket_public_access_block.state" (*terraform.NodeValidatableResource) needs provider["registry.terraform.io/hashicorp/aws"]
2025-10-11T22:55:15.326-0600 [DEBUG] ProviderTransformer: "aws_s3_bucket_versioning.state" (*terraform.NodeValidatableResource) needs provider["registry.terraform.io/hashicorp/aws"]
2025-10-11T22:55:15.327-0600 [DEBUG] ReferenceTransformer: "aws_s3_bucket.state" references: [var.tags var.force_destroy var.bucket_name]
2025-10-11T22:55:15.327-0600 [DEBUG] ReferenceTransformer: "aws_s3_bucket_ownership_controls.state" references: [aws_s3_bucket.state]
2025-10-11T22:55:15.328-0600 [DEBUG] ReferenceTransformer: "aws_dynamodb_table.locks" references: [var.tags var.dynamodb_table_name]
2025-10-11T22:55:15.328-0600 [DEBUG] ReferenceTransformer: "var.kms_key_id" references: []
2025-10-11T22:55:15.328-0600 [DEBUG] ReferenceTransformer: "var.bucket_name" references: []
2025-10-11T22:55:15.328-0600 [DEBUG] ReferenceTransformer: "aws_s3_bucket_public_access_block.state" references: [aws_s3_bucket.state]
2025-10-11T22:55:15.328-0600 [DEBUG] ReferenceTransformer: "aws_s3_bucket_versioning.state" references: [aws_s3_bucket.state var.enable_versioning]
2025-10-11T22:55:15.328-0600 [DEBUG] ReferenceTransformer: "local.sse_algorithm (expand)" references: [var.kms_key_id]
2025-10-11T22:55:15.328-0600 [DEBUG] ReferenceTransformer: "aws_s3_bucket_lifecycle_configuration.state" references: [aws_s3_bucket.state]
2025-10-11T22:55:15.328-0600 [DEBUG] ReferenceTransformer: "var.enable_versioning" references: []
2025-10-11T22:55:15.328-0600 [DEBUG] ReferenceTransformer: "var.region" references: []
2025-10-11T22:55:15.328-0600 [DEBUG] ReferenceTransformer: "provider[\"registry.terraform.io/hashicorp/aws\"]" references: [var.region]
2025-10-11T22:55:15.328-0600 [DEBUG] ReferenceTransformer: "aws_s3_bucket_server_side_encryption_configuration.state" references: [aws_s3_bucket.state var.kms_key_id var.kms_key_id local.sse_algorithm (expand)]
2025-10-11T22:55:15.328-0600 [DEBUG] ReferenceTransformer: "var.force_destroy" references: []
2025-10-11T22:55:15.328-0600 [DEBUG] ReferenceTransformer: "var.tags" references: []
2025-10-11T22:55:15.328-0600 [DEBUG] ReferenceTransformer: "var.dynamodb_table_name" references: []
2025-10-11T22:55:15.331-0600 [DEBUG] Starting graph walk: walkValidate
2025-10-11T22:55:15.333-0600 [DEBUG] created provider logger: level=debug
2025-10-11T22:55:15.333-0600 [INFO]  provider: configuring client automatic mTLS
2025-10-11T22:55:15.481-0600 [DEBUG] provider: starting plugin: path=.terraform/providers/registry.terraform.io/hashicorp/aws/5.100.0/windows_386/terraform-provider-aws_v5.100.0_x5.exe args=[".terraform/providers/registry.terraform.io/hashicorp/aws/5.100.0/windows_386/terraform-provider-aws_v5.100.0_x5.exe"]
2025-10-11T22:55:15.497-0600 [DEBUG] provider: plugin started: path=.terraform/providers/registry.terraform.io/hashicorp/aws/5.100.0/windows_386/terraform-provider-aws_v5.100.0_x5.exe pid=31752
2025-10-11T22:55:15.503-0600 [DEBUG] provider: waiting for RPC address: plugin=.terraform/providers/registry.terraform.io/hashicorp/aws/5.100.0/windows_386/terraform-provider-aws_v5.100.0_x5.exe
2025-10-11T22:55:15.918-0600 [DEBUG] provider.terraform-provider-aws_v5.100.0_x5.exe: Starting github.com/hashicorp/terraform-provider-aws@5.100.0 (go1.23.10)...
2025-10-11T22:55:15.920-0600 [DEBUG] provider.terraform-provider-aws_v5.100.0_x5.exe: Initializing Terraform AWS Provider...
2025-10-11T22:55:16.013-0600 [INFO]  provider.terraform-provider-aws_v5.100.0_x5.exe: configuring server automatic mTLS: timestamp=2025-10-11T22:55:16.013-0600
2025-10-11T22:55:16.277-0600 [DEBUG] provider: using plugin: version=5
2025-10-11T22:55:16.278-0600 [DEBUG] provider.terraform-provider-aws_v5.100.0_x5.exe: plugin address: address=127.0.0.1:10000 network=tcp timestamp=2025-10-11T22:55:16.277-0600
2025-10-11T22:55:16.715-0600 [DEBUG] provider.stdio: received EOF, stopping recv loop: err="rpc error: code = Unavailable desc = error reading from server: EOF"
2025-10-11T22:55:16.797-0600 [INFO]  provider: plugin process exited: plugin=.terraform/providers/registry.terraform.io/hashicorp/aws/5.100.0/windows_386/terraform-provider-aws_v5.100.0_x5.exe id=31752
2025-10-11T22:55:16.797-0600 [DEBUG] provider: plugin exited
2025-10-11T22:55:16.798-0600 [INFO]  backend/local: plan calling Plan
2025-10-11T22:55:16.800-0600 [DEBUG] Building and walking plan graph for NormalMode
2025-10-11T22:55:16.801-0600 [DEBUG] ProviderTransformer: "aws_s3_bucket_versioning.state (expand)" (*terraform.nodeExpandPlannableResource) needs provider["registry.terraform.io/hashicorp/aws"]
2025-10-11T22:55:16.802-0600 [DEBUG] ProviderTransformer: "aws_s3_bucket_server_side_encryption_configuration.state (expand)" (*terraform.nodeExpandPlannableResource) needs provider["registry.terraform.io/hashicorp/aws"]
2025-10-11T22:55:16.802-0600 [DEBUG] ProviderTransformer: "aws_s3_bucket.state (expand)" (*terraform.nodeExpandPlannableResource) needs provider["registry.terraform.io/hashicorp/aws"]
2025-10-11T22:55:16.802-0600 [DEBUG] ProviderTransformer: "aws_s3_bucket_public_access_block.state (expand)" (*terraform.nodeExpandPlannableResource) needs provider["registry.terraform.io/hashicorp/aws"]
2025-10-11T22:55:16.802-0600 [DEBUG] ProviderTransformer: "aws_s3_bucket_lifecycle_configuration.state (expand)" (*terraform.nodeExpandPlannableResource) needs provider["registry.terraform.io/hashicorp/aws"]
2025-10-11T22:55:16.802-0600 [DEBUG] ProviderTransformer: "aws_dynamodb_table.locks (expand)" (*terraform.nodeExpandPlannableResource) needs provider["registry.terraform.io/hashicorp/aws"]
2025-10-11T22:55:16.802-0600 [DEBUG] ProviderTransformer: "aws_s3_bucket_ownership_controls.state (expand)" (*terraform.nodeExpandPlannableResource) needs provider["registry.terraform.io/hashicorp/aws"]
2025-10-11T22:55:16.803-0600 [DEBUG] ReferenceTransformer: "aws_s3_bucket_ownership_controls.state (expand)" references: [aws_s3_bucket.state (expand)]
2025-10-11T22:55:16.803-0600 [DEBUG] ReferenceTransformer: "var.region" references: []
2025-10-11T22:55:16.803-0600 [DEBUG] ReferenceTransformer: "aws_s3_bucket_versioning.state (expand)" references: [aws_s3_bucket.state (expand) var.enable_versioning]
2025-10-11T22:55:16.803-0600 [DEBUG] ReferenceTransformer: "aws_s3_bucket_server_side_encryption_configuration.state (expand)" references: [aws_s3_bucket.state (expand) var.kms_key_id var.kms_key_id local.sse_algorithm (expand)]
2025-10-11T22:55:16.803-0600 [DEBUG] ReferenceTransformer: "provider[\"registry.terraform.io/hashicorp/aws\"]" references: [var.region]
2025-10-11T22:55:16.803-0600 [DEBUG] ReferenceTransformer: "var.tags" references: []
2025-10-11T22:55:16.803-0600 [DEBUG] ReferenceTransformer: "aws_s3_bucket.state (expand)" references: [var.tags var.force_destroy var.bucket_name]
2025-10-11T22:55:16.803-0600 [DEBUG] ReferenceTransformer: "aws_s3_bucket_public_access_block.state (expand)" references: [aws_s3_bucket.state (expand)]
2025-10-11T22:55:16.803-0600 [DEBUG] ReferenceTransformer: "aws_s3_bucket_lifecycle_configuration.state (expand)" references: [aws_s3_bucket.state (expand)]
2025-10-11T22:55:16.803-0600 [DEBUG] ReferenceTransformer: "var.bucket_name" references: []
2025-10-11T22:55:16.803-0600 [DEBUG] ReferenceTransformer: "var.dynamodb_table_name" references: []
2025-10-11T22:55:16.803-0600 [DEBUG] ReferenceTransformer: "var.kms_key_id" references: []
2025-10-11T22:55:16.803-0600 [DEBUG] ReferenceTransformer: "local.sse_algorithm (expand)" references: [var.kms_key_id]
2025-10-11T22:55:16.803-0600 [DEBUG] ReferenceTransformer: "aws_dynamodb_table.locks (expand)" references: [var.dynamodb_table_name var.tags]
2025-10-11T22:55:16.803-0600 [DEBUG] ReferenceTransformer: "var.enable_versioning" references: []
2025-10-11T22:55:16.804-0600 [DEBUG] ReferenceTransformer: "var.force_destroy" references: []
2025-10-11T22:55:16.806-0600 [DEBUG] Starting graph walk: walkPlan
2025-10-11T22:55:16.807-0600 [DEBUG] created provider logger: level=debug
2025-10-11T22:55:16.807-0600 [INFO]  provider: configuring client automatic mTLS
2025-10-11T22:55:16.954-0600 [DEBUG] provider: starting plugin: path=.terraform/providers/registry.terraform.io/hashicorp/aws/5.100.0/windows_386/terraform-provider-aws_v5.100.0_x5.exe args=[".terraform/providers/registry.terraform.io/hashicorp/aws/5.100.0/windows_386/terraform-provider-aws_v5.100.0_x5.exe"]
2025-10-11T22:55:16.965-0600 [DEBUG] provider: plugin started: path=.terraform/providers/registry.terraform.io/hashicorp/aws/5.100.0/windows_386/terraform-provider-aws_v5.100.0_x5.exe pid=37136
2025-10-11T22:55:16.972-0600 [DEBUG] provider: waiting for RPC address: plugin=.terraform/providers/registry.terraform.io/hashicorp/aws/5.100.0/windows_386/terraform-provider-aws_v5.100.0_x5.exe
2025-10-11T22:55:17.365-0600 [DEBUG] provider.terraform-provider-aws_v5.100.0_x5.exe: Starting github.com/hashicorp/terraform-provider-aws@5.100.0 (go1.23.10)...
2025-10-11T22:55:17.367-0600 [DEBUG] provider.terraform-provider-aws_v5.100.0_x5.exe: Initializing Terraform AWS Provider...
2025-10-11T22:55:17.490-0600 [INFO]  provider.terraform-provider-aws_v5.100.0_x5.exe: configuring server automatic mTLS: timestamp=2025-10-11T22:55:17.490-0600
2025-10-11T22:55:17.821-0600 [DEBUG] provider.terraform-provider-aws_v5.100.0_x5.exe: plugin address: address=127.0.0.1:10000 network=tcp timestamp=2025-10-11T22:55:17.821-0600
2025-10-11T22:55:17.821-0600 [DEBUG] provider: using plugin: version=5
2025-10-11T22:55:18.268-0600 [DEBUG] provider.terraform-provider-aws_v5.100.0_x5.exe: Configuring Terraform AWS Provider: @module=aws tf_mux_provider="*schema.GRPCProviderServer" tf_provider_addr=registry.terraform.io/hashicorp/aws @caller=github.com/hashicorp/terraform-provider-aws/internal/conns/config.go:144 tf_req_id=1bda8030-ce64-f41b-1807-c20207cdfcc6 tf_rpc=ConfigureProvider timestamp=2025-10-11T22:55:18.268-0600
2025-10-11T22:55:18.268-0600 [DEBUG] provider.terraform-provider-aws_v5.100.0_x5.exe: Resolving credentials provider: tf_provider_addr=registry.terraform.io/hashicorp/aws tf_req_id=1bda8030-ce64-f41b-1807-c20207cdfcc6 tf_mux_provider="*schema.GRPCProviderServer" tf_rpc=ConfigureProvider @caller=github.com/hashicorp/aws-sdk-go-base/v2@v2.0.0-beta.65/logging/tf_logger.go:47 @module=aws.aws-base timestamp=2025-10-11T22:55:18.268-0600
2025-10-11T22:55:18.269-0600 [DEBUG] provider.terraform-provider-aws_v5.100.0_x5.exe: Using profile: tf_provider_addr=registry.terraform.io/hashicorp/aws tf_rpc=ConfigureProvider @caller=github.com/hashicorp/aws-sdk-go-base/v2@v2.0.0-beta.65/logging/tf_logger.go:47 @module=aws.aws-base tf_mux_provider="*schema.GRPCProviderServer" tf_req_id=1bda8030-ce64-f41b-1807-c20207cdfcc6 tf_aws.profile=Chideraa tf_aws.profile.source=envvar timestamp=2025-10-11T22:55:18.269-0600
2025-10-11T22:55:18.269-0600 [DEBUG] provider.terraform-provider-aws_v5.100.0_x5.exe: Loading configuration: @caller=github.com/hashicorp/aws-sdk-go-base/v2@v2.0.0-beta.65/logging/tf_logger.go:47 tf_mux_provider="*schema.GRPCProviderServer" tf_provider_addr=registry.terraform.io/hashicorp/aws @module=aws.aws-base tf_req_id=1bda8030-ce64-f41b-1807-c20207cdfcc6 tf_rpc=ConfigureProvider timestamp=2025-10-11T22:55:18.269-0600
2025-10-11T22:55:18.270-0600 [DEBUG] provider.terraform-provider-aws_v5.100.0_x5.exe: Retrieving credentials: @module=aws.aws-base tf_provider_addr=registry.terraform.io/hashicorp/aws tf_rpc=ConfigureProvider @caller=github.com/hashicorp/aws-sdk-go-base/v2@v2.0.0-beta.65/logging/tf_logger.go:47 tf_mux_provider="*schema.GRPCProviderServer" tf_req_id=1bda8030-ce64-f41b-1807-c20207cdfcc6 timestamp=2025-10-11T22:55:18.269-0600
2025-10-11T22:55:18.270-0600 [INFO]  provider.terraform-provider-aws_v5.100.0_x5.exe: Retrieved credentials: @caller=github.com/hashicorp/aws-sdk-go-base/v2@v2.0.0-beta.65/logging/tf_logger.go:39 tf_mux_provider="*schema.GRPCProviderServer" tf_provider_addr=registry.terraform.io/hashicorp/aws tf_req_id=1bda8030-ce64-f41b-1807-c20207cdfcc6 tf_rpc=ConfigureProvider @module=aws.aws-base tf_aws.credentials_source="SharedConfigCredentials: C:\Users\miche\.aws\credentials" timestamp=2025-10-11T22:55:18.270-0600
2025-10-11T22:55:18.270-0600 [DEBUG] provider.terraform-provider-aws_v5.100.0_x5.exe: Loading configuration: tf_mux_provider="*schema.GRPCProviderServer" tf_provider_addr=registry.terraform.io/hashicorp/aws tf_req_id=1bda8030-ce64-f41b-1807-c20207cdfcc6 tf_rpc=ConfigureProvider @caller=github.com/hashicorp/aws-sdk-go-base/v2@v2.0.0-beta.65/logging/tf_logger.go:47 @module=aws.aws-base timestamp=2025-10-11T22:55:18.270-0600
2025-10-11T22:55:18.270-0600 [DEBUG] provider.terraform-provider-aws_v5.100.0_x5.exe: Creating AWS SDK v1 session: @caller=github.com/hashicorp/terraform-provider-aws/internal/conns/config.go:168 @module=aws tf_mux_provider="*schema.GRPCProviderServer" tf_provider_addr=registry.terraform.io/hashicorp/aws tf_req_id=1bda8030-ce64-f41b-1807-c20207cdfcc6 tf_rpc=ConfigureProvider timestamp=2025-10-11T22:55:18.270-0600
2025-10-11T22:55:18.271-0600 [DEBUG] provider.terraform-provider-aws_v5.100.0_x5.exe: Retrieving AWS account details: @caller=github.com/hashicorp/terraform-provider-aws/internal/conns/config.go:183 @module=aws tf_provider_addr=registry.terraform.io/hashicorp/aws tf_req_id=1bda8030-ce64-f41b-1807-c20207cdfcc6 tf_mux_provider="*schema.GRPCProviderServer" tf_rpc=ConfigureProvider timestamp=2025-10-11T22:55:18.271-0600
2025-10-11T22:55:18.271-0600 [DEBUG] provider.terraform-provider-aws_v5.100.0_x5.exe: Retrieving caller identity from STS: @module=aws.aws-base tf_mux_provider="*schema.GRPCProviderServer" tf_rpc=ConfigureProvider @caller=github.com/hashicorp/aws-sdk-go-base/v2@v2.0.0-beta.65/logging/tf_logger.go:47 tf_provider_addr=registry.terraform.io/hashicorp/aws tf_req_id=1bda8030-ce64-f41b-1807-c20207cdfcc6 timestamp=2025-10-11T22:55:18.271-0600
2025-10-11T22:55:18.273-0600 [DEBUG] provider.terraform-provider-aws_v5.100.0_x5.exe: HTTP Request Sent: tf_rpc=ConfigureProvider http.method=POST
  http.request.body=
  | Action=GetCallerIdentity&Version=2011-06-15
   http.request.header.authorization="AWS4-HMAC-SHA256 Credential=AKIA************3APN/20251012/us-east-2/sts/aws4_request, SignedHeaders=amz-sdk-invocation-id;amz-sdk-request;content-length;content-type;host;x-amz-date, Signature=*****" http.request_content_length=43 http.user_agent="APN/1.0 HashiCorp/1.0 Terraform/1.12.0 (+https://www.terraform.io) terraform-provider-aws/5.100.0 (+https://registry.terraform.io/providers/hashicorp/aws) aws-sdk-go-v2/1.36.3 ua/2.1 os/windows lang/go#1.23.10 md/GOOS#windows md/GOARCH#386 api/sts#1.33.20 m/n" rpc.service=STS tf_mux_provider="*schema.GRPCProviderServer" @caller=github.com/hashicorp/aws-sdk-go-base/v2@v2.0.0-beta.65/logging/tf_logger.go:47 http.request.header.x_amz_date=20251012T045518Z rpc.system=aws-api tf_provider_addr=registry.terraform.io/hashicorp/aws tf_req_id=1bda8030-ce64-f41b-1807-c20207cdfcc6 http.request.header.amz_sdk_invocation_id=77a4bf3e-72a1-49c7-aa7f-dad2840818b0 http.request.header.amz_sdk_request="attempt=1; max=25" net.peer.name=sts.us-east-2.amazonaws.com tf_aws.sdk=aws-sdk-go-v2 tf_aws.signing_region="" @module=aws.aws-base aws.region=us-east-2 http.request.header.content_type=application/x-www-form-urlencoded http.url=https://sts.us-east-2.amazonaws.com/ rpc.method=GetCallerIdentity timestamp=2025-10-11T22:55:18.273-0600
2025-10-11T22:55:20.828-0600 [DEBUG] provider.terraform-provider-aws_v5.100.0_x5.exe: HTTP Response Received: http.status_code=200 rpc.method=GetCallerIdentity tf_aws.signing_region="" tf_rpc=ConfigureProvider @module=aws.aws-base rpc.system=aws-api tf_aws.sdk=aws-sdk-go-v2 tf_req_id=1bda8030-ce64-f41b-1807-c20207cdfcc6 @caller=github.com/hashicorp/aws-sdk-go-base/v2@v2.0.0-beta.65/logging/tf_logger.go:47 aws.region=us-east-2
  http.response.body=
  | <GetCallerIdentityResponse xmlns="https://sts.amazonaws.com/doc/2011-06-15/">
  |   <GetCallerIdentityResult>
  |     <Arn>arn:aws:iam::147997123299:user/Chideraa</Arn>
  |     <UserId>AIDA*************ONEB</UserId>
  |     <Account>147997123299</Account>
  |   </GetCallerIdentityResult>
  |   <ResponseMetadata>
  |     <RequestId>ea2c4e3e-2cc0-4cd3-9e01-97e16c517dc4</RequestId>
  |   </ResponseMetadata>
  | </GetCallerIdentityResponse>
   http.response.header.date="Sun, 12 Oct 2025 04:55:21 GMT" http.response.header.x_amzn_requestid=ea2c4e3e-2cc0-4cd3-9e01-97e16c517dc4 http.duration=2553 http.response.header.content_type=text/xml rpc.service=STS tf_mux_provider="*schema.GRPCProviderServer" tf_provider_addr=registry.terraform.io/hashicorp/aws http.response.header.x_amz_sts_extended_request_id=MTp1cy1lYXN0LTI6MTc2MDI0NDkyMTIxNzpSOk5zNWpIcTBt http.response_content_length=405 timestamp=2025-10-11T22:55:20.827-0600
2025-10-11T22:55:20.829-0600 [INFO]  provider.terraform-provider-aws_v5.100.0_x5.exe: Retrieved caller identity from STS: @module=aws.aws-base tf_provider_addr=registry.terraform.io/hashicorp/aws tf_mux_provider="*schema.GRPCProviderServer" tf_req_id=1bda8030-ce64-f41b-1807-c20207cdfcc6 tf_rpc=ConfigureProvider @caller=github.com/hashicorp/aws-sdk-go-base/v2@v2.0.0-beta.65/logging/tf_logger.go:39 timestamp=2025-10-11T22:55:20.828-0600
2025-10-11T22:55:20.840-0600 [DEBUG] ReferenceTransformer: "aws_dynamodb_table.locks" references: []
2025-10-11T22:55:20.841-0600 [DEBUG] ReferenceTransformer: "aws_s3_bucket.state" references: []
2025-10-11T22:55:20.973-0600 [DEBUG] provider.terraform-provider-aws_v5.100.0_x5.exe: HTTP Request Sent:
  http.request.body=
  | {"TableName":"infra-chide_db"}
   http.request_content_length=30 http.request.header.x_amz_date=20251012T045520Z rpc.system=aws-api tf_mux_provider="*schema.GRPCProviderServer" @module=aws aws.dynamodb.table_names=[infra-chide_db] db.system=dynamodb tf_aws.sdk=aws-sdk-go-v2 tf_aws.signing_region="" rpc.method=DescribeTable @caller=github.com/hashicorp/aws-sdk-go-base/v2@v2.0.0-beta.65/logging/tf_logger.go:45 http.user_agent="APN/1.0 HashiCorp/1.0 Terraform/1.12.0 (+https://www.terraform.io) terraform-provider-aws/5.100.0 (+https://registry.terraform.io/providers/hashicorp/aws) aws-sdk-go-v2/1.36.3 ua/2.1 os/windows lang/go#1.23.10 md/GOOS#windows md/GOARCH#386 api/dynamodb#1.43.2 m/P,n" rpc.service=DynamoDB tf_provider_addr=registry.terraform.io/hashicorp/aws tf_rpc=ReadResource http.method=POST net.peer.name=dynamodb.us-east-2.amazonaws.com tf_resource_type=aws_dynamodb_table http.request.header.authorization="AWS4-HMAC-SHA256 Credential=AKIA************3APN/20251012/us-east-2/dynamodb/aws4_request, SignedHeaders=accept-encoding;amz-sdk-invocation-id;amz-sdk-request;content-length;content-type;host;x-amz-date;x-amz-target, Signature=*****" aws.region=us-east-2 http.request.header.accept_encoding=identity http.request.header.x_amz_target=DynamoDB_20120810.DescribeTable http.url=https://dynamodb.us-east-2.amazonaws.com/ tf_req_id=fcb9540a-ceba-837b-9c41-de287ca6625e http.request.header.amz_sdk_invocation_id=63cc8066-171d-492a-81fb-4f46d693d212 http.request.header.amz_sdk_request="attempt=1; max=25" http.request.header.content_type=application/x-amz-json-1.0 timestamp=2025-10-11T22:55:20.973-0600
2025-10-11T22:55:20.977-0600 [DEBUG] provider.terraform-provider-aws_v5.100.0_x5.exe: HTTP Request Sent: @module=aws aws.region=us-east-2 aws.s3.bucket=infra-chide http.request.header.amz_sdk_request="attempt=1; max=25" http.url=https://infra-chide.s3.us-east-2.amazonaws.com/ tf_aws.sdk=aws-sdk-go-v2 tf_rpc=ReadResource http.method=HEAD http.request.header.amz_sdk_invocation_id=210a3367-3945-4a04-a5be-524c8626c482 http.request.header.x_amz_content_sha256=e3b0c44298fc1c149afbf4c8996fb92427ae41e4649b934ca495991b7852b855 http.request.header.x_amz_date=20251012T045520Z net.peer.name=infra-chide.s3.us-east-2.amazonaws.com rpc.service=S3 tf_aws.signing_region="" @caller=github.com/hashicorp/aws-sdk-go-base/v2@v2.0.0-beta.65/logging/tf_logger.go:45 http.request.header.authorization="AWS4-HMAC-SHA256 Credential=AKIA************3APN/20251012/us-east-2/s3/aws4_request, SignedHeaders=accept-encoding;amz-sdk-invocation-id;amz-sdk-request;host;x-amz-content-sha256;x-amz-date, Signature=*****" http.user_agent="APN/1.0 HashiCorp/1.0 Terraform/1.12.0 (+https://www.terraform.io) terraform-provider-aws/5.100.0 (+https://registry.terraform.io/providers/hashicorp/aws) aws-sdk-go-v2/1.36.3 ua/2.1 os/windows lang/go#1.23.10 md/GOOS#windows md/GOARCH#386 api/s3#1.80.1 m/n" rpc.system=aws-api tf_provider_addr=registry.terraform.io/hashicorp/aws tf_req_id=8654ef2a-380f-8f6c-e3a4-96d2296621ef http.request.body="" http.request.header.accept_encoding=identity rpc.method=HeadBucket tf_mux_provider="*schema.GRPCProviderServer" tf_resource_type=aws_s3_bucket timestamp=2025-10-11T22:55:20.976-0600
2025-10-11T22:55:22.089-0600 [DEBUG] provider.terraform-provider-aws_v5.100.0_x5.exe: HTTP Response Received: http.status_code=200 rpc.system=aws-api aws.s3.bucket=infra-chide rpc.service=S3 tf_aws.signing_region="" tf_resource_type=aws_s3_bucket tf_rpc=ReadResource http.response.body="" http.response.header.date="Sun, 12 Oct 2025 04:55:23 GMT" http.response.header.x_amz_bucket_region=us-east-2 tf_aws.sdk=aws-sdk-go-v2 tf_provider_addr=registry.terraform.io/hashicorp/aws tf_req_id=8654ef2a-380f-8f6c-e3a4-96d2296621ef @module=aws http.duration=1113 http.response.header.content_type=application/xml http.response.header.x_amz_id_2="3j0KFfdGLD1OUxkpwD6K9fQGgLAyZY2EKsrhOSq+8N53X1GCFOappBbaE+gQRI/gRzNDvdBQvGuhk9zEMYRg9Q==" http.response.header.x_amz_request_id=09CH7CEJ960GAPEH rpc.method=HeadBucket tf_mux_provider="*schema.GRPCProviderServer" @caller=github.com/hashicorp/aws-sdk-go-base/v2@v2.0.0-beta.65/logging/tf_logger.go:45 aws.region=us-east-2 http.response.header.server=AmazonS3 http.response.header.x_amz_access_point_alias=false timestamp=2025-10-11T22:55:22.089-0600
2025-10-11T22:55:22.090-0600 [DEBUG] provider.terraform-provider-aws_v5.100.0_x5.exe: HTTP Response Received: http.status_code=200 rpc.method=DescribeTable tf_mux_provider="*schema.GRPCProviderServer" tf_provider_addr=registry.terraform.io/hashicorp/aws tf_resource_type=aws_dynamodb_table tf_rpc=ReadResource @caller=github.com/hashicorp/aws-sdk-go-base/v2@v2.0.0-beta.65/logging/tf_logger.go:45 @module=aws db.system=dynamodb
  http.response.body=
  | {"Table":{"AttributeDefinitions":[{"AttributeName":"LockID","AttributeType":"S"}],"BillingModeSummary":{"BillingMode":"PAY_PER_REQUEST","LastUpdateToPayPerRequestDateTime":1.760234119221E9},"CreationDateTime":1.760234119221E9,"DeletionProtectionEnabled":false,"ItemCount":0,"KeySchema":[{"AttributeName":"LockID","KeyType":"HASH"}],"ProvisionedThroughput":{"NumberOfDecreasesToday":0,"ReadCapacityUnits":0,"WriteCapacityUnits":0},"TableArn":"arn:aws:dynamodb:us-east-2:147997123299:table/infra-chide_db","TableId":"f7f6b455-054b-4461-b067-c914355ed2b3","TableName":"infra-chide_db","TableSizeBytes":0,"TableStatus":"ACTIVE","TableThroughputModeSummary":{"LastUpdateToPayPerRequestDateTime":1.760234119221E9,"TableThroughputMode":"PAY_PER_REQUEST"},"WarmThroughput":{"ReadUnitsPerSecond":12000,"Status":"ACTIVE","WriteUnitsPerSecond":4000}}}
   http.response.header.x_amz_crc32=2039261151 aws.dynamodb.table_names=[infra-chide_db] http.response.header.connection=keep-alive http.response.header.server=Server http.response_content_length=840 rpc.service=DynamoDB tf_req_id=fcb9540a-ceba-837b-9c41-de287ca6625e aws.region=us-east-2 http.response.header.content_type=application/x-amz-json-1.0 http.response.header.x_amzn_requestid=VPOP2ADVJ6THG024H5HFBQT6JJVV4KQNSO5AEMVJF66Q9ASUAAJG rpc.system=aws-api tf_aws.sdk=aws-sdk-go-v2 tf_aws.signing_region="" http.duration=1115 http.response.header.date="Sun, 12 Oct 2025 04:55:22 GMT" timestamp=2025-10-11T22:55:22.089-0600
2025-10-11T22:55:22.090-0600 [DEBUG] provider.terraform-provider-aws_v5.100.0_x5.exe: [DEBUG] Waiting for state to become: [success]
2025-10-11T22:55:22.093-0600 [DEBUG] provider.terraform-provider-aws_v5.100.0_x5.exe: HTTP Request Sent: @caller=github.com/hashicorp/aws-sdk-go-base/v2@v2.0.0-beta.65/logging/tf_logger.go:45 @module=aws http.request.header.amz_sdk_invocation_id=bac67417-45bf-4610-bad3-f96fa4d9ecac http.request.header.x_amz_date=20251012T045522Z rpc.method=GetBucketPolicy rpc.system=aws-api tf_aws.signing_region="" tf_provider_addr=registry.terraform.io/hashicorp/aws aws.region=us-east-2 http.method=GET http.request.header.authorization="AWS4-HMAC-SHA256 Credential=AKIA************3APN/20251012/us-east-2/s3/aws4_request, SignedHeaders=accept-encoding;amz-sdk-invocation-id;amz-sdk-request;host;x-amz-content-sha256;x-amz-date, Signature=*****" tf_aws.sdk=aws-sdk-go-v2 tf_mux_provider="*schema.GRPCProviderServer" tf_req_id=8654ef2a-380f-8f6c-e3a4-96d2296621ef tf_resource_type=aws_s3_bucket http.request.header.x_amz_content_sha256=e3b0c44298fc1c149afbf4c8996fb92427ae41e4649b934ca495991b7852b855 rpc.service=S3 http.request.body="" http.request.header.accept_encoding=identity http.request.header.amz_sdk_request="attempt=1; max=25" http.url=https://infra-chide.s3.us-east-2.amazonaws.com/?policy= http.user_agent="APN/1.0 HashiCorp/1.0 Terraform/1.12.0 (+https://www.terraform.io) terraform-provider-aws/5.100.0 (+https://registry.terraform.io/providers/hashicorp/aws) aws-sdk-go-v2/1.36.3 ua/2.1 os/windows lang/go#1.23.10 md/GOOS#windows md/GOARCH#386 api/s3#1.80.1 m/n" net.peer.name=infra-chide.s3.us-east-2.amazonaws.com tf_rpc=ReadResource timestamp=2025-10-11T22:55:22.093-0600
2025-10-11T22:55:22.094-0600 [DEBUG] provider.terraform-provider-aws_v5.100.0_x5.exe: HTTP Request Sent: @caller=github.com/hashicorp/aws-sdk-go-base/v2@v2.0.0-beta.65/logging/tf_logger.go:45 net.peer.name=dynamodb.us-east-2.amazonaws.com tf_mux_provider="*schema.GRPCProviderServer" @module=aws aws.region=us-east-2 http.request.header.amz_sdk_invocation_id=e96c1643-8df5-48bb-aa0c-befa41c1c727 http.request.header.x_amz_date=20251012T045522Z http.request.header.x_amz_target=DynamoDB_20120810.DescribeContinuousBackups rpc.method=DescribeContinuousBackups http.request.header.accept_encoding=identity http.request.header.amz_sdk_request="attempt=1; max=25" http.request_content_length=30 rpc.service=DynamoDB tf_resource_type=aws_dynamodb_table
  http.request.body=
  | {"TableName":"infra-chide_db"}
   http.user_agent="APN/1.0 HashiCorp/1.0 Terraform/1.12.0 (+https://www.terraform.io) terraform-provider-aws/5.100.0 (+https://registry.terraform.io/providers/hashicorp/aws) aws-sdk-go-v2/1.36.3 ua/2.1 os/windows lang/go#1.23.10 md/GOOS#windows md/GOARCH#386 api/dynamodb#1.43.2 m/P,n" tf_provider_addr=registry.terraform.io/hashicorp/aws tf_rpc=ReadResource tf_aws.sdk=aws-sdk-go-v2 tf_aws.signing_region="" rpc.system=aws-api db.system=dynamodb http.request.header.authorization="AWS4-HMAC-SHA256 Credential=AKIA************3APN/20251012/us-east-2/dynamodb/aws4_request, SignedHeaders=accept-encoding;amz-sdk-invocation-id;amz-sdk-request;content-length;content-type;host;x-amz-date;x-amz-target, Signature=*****" http.method=POST http.request.header.content_type=application/x-amz-json-1.0 http.url=https://dynamodb.us-east-2.amazonaws.com/ tf_req_id=fcb9540a-ceba-837b-9c41-de287ca6625e timestamp=2025-10-11T22:55:22.093-0600
2025-10-11T22:55:22.473-0600 [DEBUG] provider.terraform-provider-aws_v5.100.0_x5.exe: HTTP Response Received: tf_rpc=ReadResource @module=aws http.response.header.connection=keep-alive http.response.header.date="Sun, 12 Oct 2025 04:55:22 GMT" http.response.header.server=Server tf_mux_provider="*schema.GRPCProviderServer" http.duration=378
  http.response.body=
  | {"ContinuousBackupsDescription":{"ContinuousBackupsStatus":"ENABLED","PointInTimeRecoveryDescription":{"PointInTimeRecoveryStatus":"DISABLED"}}}
   rpc.system=aws-api tf_aws.sdk=aws-sdk-go-v2 tf_provider_addr=registry.terraform.io/hashicorp/aws tf_resource_type=aws_dynamodb_table aws.region=us-east-2 db.system=dynamodb http.response.header.x_amz_crc32=430025545 rpc.method=DescribeContinuousBackups rpc.service=DynamoDB tf_aws.signing_region="" tf_req_id=fcb9540a-ceba-837b-9c41-de287ca6625e @caller=github.com/hashicorp/aws-sdk-go-base/v2@v2.0.0-beta.65/logging/tf_logger.go:45 http.response.header.content_type=application/x-amz-json-1.0 http.response.header.x_amzn_requestid=TIS66E9C4UOFJ1I2N7ITCKR237VV4KQNSO5AEMVJF66Q9ASUAAJG http.response_content_length=144 http.status_code=200 timestamp=2025-10-11T22:55:22.472-0600
2025-10-11T22:55:22.473-0600 [DEBUG] provider.terraform-provider-aws_v5.100.0_x5.exe: HTTP Response Received: tf_resource_type=aws_s3_bucket tf_rpc=ReadResource @caller=github.com/hashicorp/aws-sdk-go-base/v2@v2.0.0-beta.65/logging/tf_logger.go:45 rpc.service=S3 tf_aws.sdk=aws-sdk-go-v2 @module=aws http.duration=378
  http.response.body=
  | <?xml version="1.0" encoding="UTF-8"?>
  | <Error><Code>NoSuchBucketPolicy</Code><Message>The bucket policy does not exist</Message><BucketName>infra-chide</BucketName><RequestId>09CYQ4VKJWZ9BC86</RequestId><HostId>IUaSPi2LzSUiNw+jApQkGdK+/18Z0c59zZoFRWabAociC63OlNoJ7Q6DtuwJo53wXM4Q0dGgiNpX3Tq1g2NN2g==</HostId></Error>
   http.response.header.content_type=application/xml http.status_code=404 rpc.system=aws-api tf_provider_addr=registry.terraform.io/hashicorp/aws tf_req_id=8654ef2a-380f-8f6c-e3a4-96d2296621ef aws.region=us-east-2 http.response.header.date="Sun, 12 Oct 2025 04:55:22 GMT" http.response.header.server=AmazonS3 rpc.method=GetBucketPolicy tf_aws.signing_region="" tf_mux_provider="*schema.GRPCProviderServer" http.response.header.x_amz_id_2="IUaSPi2LzSUiNw+jApQkGdK+/18Z0c59zZoFRWabAociC63OlNoJ7Q6DtuwJo53wXM4Q0dGgiNpX3Tq1g2NN2g==" http.response.header.x_amz_request_id=09CYQ4VKJWZ9BC86 timestamp=2025-10-11T22:55:22.472-0600
2025-10-11T22:55:22.473-0600 [DEBUG] provider.terraform-provider-aws_v5.100.0_x5.exe: request failed with unretryable error https response error StatusCode: 404, RequestID: 09CYQ4VKJWZ9BC86, HostID: IUaSPi2LzSUiNw+jApQkGdK+/18Z0c59zZoFRWabAociC63OlNoJ7Q6DtuwJo53wXM4Q0dGgiNpX3Tq1g2NN2g==, api error NoSuchBucketPolicy: The bucket policy does not exist: @caller=github.com/hashicorp/aws-sdk-go-base/v2@v2.0.0-beta.65/logging/tf_logger.go:45 rpc.method=GetBucketPolicy @module=aws rpc.service=S3 tf_resource_type=aws_s3_bucket rpc.system=aws-api tf_aws.sdk=aws-sdk-go-v2 tf_provider_addr=registry.terraform.io/hashicorp/aws tf_req_id=8654ef2a-380f-8f6c-e3a4-96d2296621ef tf_rpc=ReadResource aws.region=us-east-2 tf_mux_provider="*schema.GRPCProviderServer" timestamp=2025-10-11T22:55:22.473-0600
2025-10-11T22:55:22.473-0600 [DEBUG] provider.terraform-provider-aws_v5.100.0_x5.exe: [DEBUG] Waiting for state to become: [success]
2025-10-11T22:55:22.475-0600 [DEBUG] provider.terraform-provider-aws_v5.100.0_x5.exe: HTTP Request Sent: tf_aws.signing_region="" tf_rpc=ReadResource http.request.header.amz_sdk_invocation_id=1da6054f-bfd7-47cb-b3fb-52ad8d3b68e4 rpc.service=DynamoDB tf_mux_provider="*schema.GRPCProviderServer" tf_provider_addr=registry.terraform.io/hashicorp/aws tf_req_id=fcb9540a-ceba-837b-9c41-de287ca6625e @module=aws http.method=POST
  http.request.body=
  | {"TableName":"infra-chide_db"}
   http.request.header.x_amz_date=20251012T045522Z http.request_content_length=30 @caller=github.com/hashicorp/aws-sdk-go-base/v2@v2.0.0-beta.65/logging/tf_logger.go:45 db.system=dynamodb net.peer.name=dynamodb.us-east-2.amazonaws.com http.request.header.authorization="AWS4-HMAC-SHA256 Credential=AKIA************3APN/20251012/us-east-2/dynamodb/aws4_request, SignedHeaders=accept-encoding;amz-sdk-invocation-id;amz-sdk-request;content-length;content-type;host;x-amz-date;x-amz-target, Signature=*****" http.url=https://dynamodb.us-east-2.amazonaws.com/ http.user_agent="APN/1.0 HashiCorp/1.0 Terraform/1.12.0 (+https://www.terraform.io) terraform-provider-aws/5.100.0 (+https://registry.terraform.io/providers/hashicorp/aws) aws-sdk-go-v2/1.36.3 ua/2.1 os/windows lang/go#1.23.10 md/GOOS#windows md/GOARCH#386 api/dynamodb#1.43.2 m/P,n" rpc.method=DescribeTimeToLive http.request.header.content_type=application/x-amz-json-1.0 http.request.header.accept_encoding=identity http.request.header.x_amz_target=DynamoDB_20120810.DescribeTimeToLive tf_resource_type=aws_dynamodb_table aws.region=us-east-2 http.request.header.amz_sdk_request="attempt=1; max=25" rpc.system=aws-api tf_aws.sdk=aws-sdk-go-v2 timestamp=2025-10-11T22:55:22.474-0600
2025-10-11T22:55:22.476-0600 [DEBUG] provider.terraform-provider-aws_v5.100.0_x5.exe: HTTP Request Sent: tf_mux_provider="*schema.GRPCProviderServer" tf_req_id=8654ef2a-380f-8f6c-e3a4-96d2296621ef tf_rpc=ReadResource aws.region=us-east-2 tf_provider_addr=registry.terraform.io/hashicorp/aws @module=aws http.request.body="" http.request.header.accept_encoding=identity http.request.header.authorization="AWS4-HMAC-SHA256 Credential=AKIA************3APN/20251012/us-east-2/s3/aws4_request, SignedHeaders=accept-encoding;amz-sdk-invocation-id;amz-sdk-request;host;x-amz-content-sha256;x-amz-date, Signature=*****" http.request.header.x_amz_content_sha256=e3b0c44298fc1c149afbf4c8996fb92427ae41e4649b934ca495991b7852b855 http.request.header.x_amz_date=20251012T045522Z tf_resource_type=aws_s3_bucket @caller=github.com/hashicorp/aws-sdk-go-base/v2@v2.0.0-beta.65/logging/tf_logger.go:45 http.method=GET http.request.header.amz_sdk_request="attempt=1; max=25" http.url=https://infra-chide.s3.us-east-2.amazonaws.com/?acl= http.user_agent="APN/1.0 HashiCorp/1.0 Terraform/1.12.0 (+https://www.terraform.io) terraform-provider-aws/5.100.0 (+https://registry.terraform.io/providers/hashicorp/aws) aws-sdk-go-v2/1.36.3 ua/2.1 os/windows lang/go#1.23.10 md/GOOS#windows md/GOARCH#386 api/s3#1.80.1 m/n" tf_aws.sdk=aws-sdk-go-v2 tf_aws.signing_region="" http.request.header.amz_sdk_invocation_id=61d1e157-3647-48d7-bbe3-7b21ad7dfac9 net.peer.name=infra-chide.s3.us-east-2.amazonaws.com rpc.method=GetBucketAcl rpc.service=S3 rpc.system=aws-api timestamp=2025-10-11T22:55:22.476-0600
2025-10-11T22:55:22.782-0600 [DEBUG] provider.terraform-provider-aws_v5.100.0_x5.exe: HTTP Response Received: tf_mux_provider="*schema.GRPCProviderServer" @caller=github.com/hashicorp/aws-sdk-go-base/v2@v2.0.0-beta.65/logging/tf_logger.go:45 @module=aws http.response.header.content_type=application/x-amz-json-1.0 tf_provider_addr=registry.terraform.io/hashicorp/aws http.response.header.server=Server http.response.header.x_amz_crc32=243044618 http.response.header.x_amzn_requestid=KLK8JAP80SRCO4BVRNQ29NQKEBVV4KQNSO5AEMVJF66Q9ASUAAJG http.response_content_length=57 rpc.method=DescribeTimeToLive rpc.service=DynamoDB db.system=dynamodb http.response.header.date="Sun, 12 Oct 2025 04:55:23 GMT" tf_aws.sdk=aws-sdk-go-v2 tf_req_id=fcb9540a-ceba-837b-9c41-de287ca6625e tf_resource_type=aws_dynamodb_table tf_rpc=ReadResource aws.region=us-east-2 http.duration=306
  http.response.body=
  | {"TimeToLiveDescription":{"TimeToLiveStatus":"DISABLED"}}
   http.response.header.connection=keep-alive http.status_code=200 rpc.system=aws-api tf_aws.signing_region="" timestamp=2025-10-11T22:55:22.781-0600
2025-10-11T22:55:22.782-0600 [DEBUG] provider.terraform-provider-aws_v5.100.0_x5.exe: HTTP Response Received: tf_aws.signing_region="" tf_req_id=8654ef2a-380f-8f6c-e3a4-96d2296621ef http.response.header.x_amz_request_id=QJ9JP954MC67ZQ54 rpc.system=aws-api tf_provider_addr=registry.terraform.io/hashicorp/aws tf_resource_type=aws_s3_bucket @module=aws http.duration=304
  http.response.body=
  | <?xml version="1.0" encoding="UTF-8"?>
  | <AccessControlPolicy xmlns="http://s3.amazonaws.com/doc/2006-03-01/"><Owner><ID>f429e4e43ae66515853de9a419f6d9cb8df8a762d6b0d45c3cfb67037689ca28</ID></Owner><AccessControlList><Grant><Grantee xmlns:xsi="http://www.w3.org/2001/XMLSchema-instance" xsi:type="CanonicalUser"><ID>f429e4e43ae66515853de9a419f6d9cb8df8a762d6b0d45c3cfb67037689ca28</ID></Grantee><Permission>FULL_CONTROL</Permission></Grant></AccessControlList></AccessControlPolicy>
   http.status_code=200 tf_mux_provider="*schema.GRPCProviderServer" @caller=github.com/hashicorp/aws-sdk-go-base/v2@v2.0.0-beta.65/logging/tf_logger.go:45 aws.region=us-east-2 http.response.header.content_type=application/xml http.response.header.date="Sun, 12 Oct 2025 04:55:24 GMT" http.response.header.server=AmazonS3 tf_rpc=ReadResource http.response.header.x_amz_id_2="URnDRLk2sP90gZXPWMcpC7ZHazw3mIP0pN/jvxOcWLbnN+6+8x1aQsx3RNe0Ob/UkcAkFXE2ZKLBGCc5QnWGgw==" rpc.method=GetBucketAcl rpc.service=S3 tf_aws.sdk=aws-sdk-go-v2 timestamp=2025-10-11T22:55:22.782-0600
2025-10-11T22:55:22.783-0600 [DEBUG] provider.terraform-provider-aws_v5.100.0_x5.exe: [DEBUG] Waiting for state to become: [success]
2025-10-11T22:55:22.785-0600 [DEBUG] provider.terraform-provider-aws_v5.100.0_x5.exe: HTTP Request Sent: http.request.header.authorization="AWS4-HMAC-SHA256 Credential=AKIA************3APN/20251012/us-east-2/dynamodb/aws4_request, SignedHeaders=accept-encoding;amz-sdk-invocation-id;amz-sdk-request;content-length;content-type;host;x-amz-date;x-amz-target, Signature=*****" tf_req_id=fcb9540a-ceba-837b-9c41-de287ca6625e tf_rpc=ReadResource http.request.header.content_type=application/x-amz-json-1.0 tf_aws.sdk=aws-sdk-go-v2 tf_aws.signing_region="" http.request.header.accept_encoding=identity http.request.header.amz_sdk_request="attempt=1; max=25"
  http.request.body=
  | {"ResourceArn":"arn:aws:dynamodb:us-east-2:147997123299:table/infra-chide_db"}
   http.url=https://147997123299.ddb.us-east-2.amazonaws.com/ net.peer.name=147997123299.ddb.us-east-2.amazonaws.com rpc.service=DynamoDB rpc.system=aws-api tf_provider_addr=registry.terraform.io/hashicorp/aws tf_resource_type=aws_dynamodb_table @caller=github.com/hashicorp/aws-sdk-go-base/v2@v2.0.0-beta.65/logging/tf_logger.go:45 aws.region=us-east-2 db.system=dynamodb http.method=POST tf_mux_provider="*schema.GRPCProviderServer" http.request.header.x_amz_date=20251012T045522Z http.request.header.x_amz_target=DynamoDB_20120810.ListTagsOfResource http.request_content_length=78 http.user_agent="APN/1.0 HashiCorp/1.0 Terraform/1.12.0 (+https://www.terraform.io) terraform-provider-aws/5.100.0 (+https://registry.terraform.io/providers/hashicorp/aws) aws-sdk-go-v2/1.36.3 ua/2.1 os/windows lang/go#1.23.10 md/GOOS#windows md/GOARCH#386 api/dynamodb#1.43.2 m/P,n" rpc.method=ListTagsOfResource @module=aws http.request.header.amz_sdk_invocation_id=76ef52c4-2937-4eaa-adf6-11ff81ab7c15 timestamp=2025-10-11T22:55:22.784-0600
2025-10-11T22:55:22.785-0600 [DEBUG] provider.terraform-provider-aws_v5.100.0_x5.exe: HTTP Request Sent: http.request.header.x_amz_date=20251012T045522Z @module=aws aws.region=us-east-2 http.method=GET http.request.header.accept_encoding=identity http.user_agent="APN/1.0 HashiCorp/1.0 Terraform/1.12.0 (+https://www.terraform.io) terraform-provider-aws/5.100.0 (+https://registry.terraform.io/providers/hashicorp/aws) aws-sdk-go-v2/1.36.3 ua/2.1 os/windows lang/go#1.23.10 md/GOOS#windows md/GOARCH#386 api/s3#1.80.1 m/n" tf_rpc=ReadResource http.request.header.x_amz_content_sha256=e3b0c44298fc1c149afbf4c8996fb92427ae41e4649b934ca495991b7852b855 net.peer.name=infra-chide.s3.us-east-2.amazonaws.com rpc.method=GetBucketCors rpc.system=aws-api tf_aws.sdk=aws-sdk-go-v2 tf_provider_addr=registry.terraform.io/hashicorp/aws @caller=github.com/hashicorp/aws-sdk-go-base/v2@v2.0.0-beta.65/logging/tf_logger.go:45 http.request.body="" http.request.header.amz_sdk_invocation_id=c20e9224-f180-484b-babe-29c21970186a http.url=https://infra-chide.s3.us-east-2.amazonaws.com/?cors= tf_req_id=8654ef2a-380f-8f6c-e3a4-96d2296621ef http.request.header.amz_sdk_request="attempt=1; max=25" http.request.header.authorization="AWS4-HMAC-SHA256 Credential=AKIA************3APN/20251012/us-east-2/s3/aws4_request, SignedHeaders=accept-encoding;amz-sdk-invocation-id;amz-sdk-request;host;x-amz-content-sha256;x-amz-date, Signature=*****" rpc.service=S3 tf_aws.signing_region="" tf_mux_provider="*schema.GRPCProviderServer" tf_resource_type=aws_s3_bucket timestamp=2025-10-11T22:55:22.785-0600
2025-10-11T22:55:22.925-0600 [DEBUG] provider.terraform-provider-aws_v5.100.0_x5.exe: HTTP Response Received: http.response.header.server=AmazonS3 http.status_code=404 rpc.service=S3 tf_req_id=8654ef2a-380f-8f6c-e3a4-96d2296621ef http.duration=137 http.response.header.date="Sun, 12 Oct 2025 04:55:23 GMT" http.response.header.x_amz_id_2="OBF6XHpECIXNAOL4lg+zH53AQy4oDm2ol0eGVpF2x5uEDJ98TqMSmt6LM9/nd281ILRsjFee7SOgIfaiWGs5IQ==" tf_mux_provider="*schema.GRPCProviderServer" tf_provider_addr=registry.terraform.io/hashicorp/aws @caller=github.com/hashicorp/aws-sdk-go-base/v2@v2.0.0-beta.65/logging/tf_logger.go:45 @module=aws
  http.response.body=
  | <?xml version="1.0" encoding="UTF-8"?>
  | <Error><Code>NoSuchCORSConfiguration</Code><Message>The CORS configuration does not exist</Message><BucketName>infra-chide</BucketName><RequestId>QJ9ND27W6JGQAKGV</RequestId><HostId>OBF6XHpECIXNAOL4lg+zH53AQy4oDm2ol0eGVpF2x5uEDJ98TqMSmt6LM9/nd281ILRsjFee7SOgIfaiWGs5IQ==</HostId></Error>
   http.response.header.content_type=application/xml http.response.header.x_amz_request_id=QJ9ND27W6JGQAKGV rpc.method=GetBucketCors tf_aws.sdk=aws-sdk-go-v2 tf_aws.signing_region="" rpc.system=aws-api tf_resource_type=aws_s3_bucket tf_rpc=ReadResource aws.region=us-east-2 timestamp=2025-10-11T22:55:22.923-0600
2025-10-11T22:55:22.925-0600 [DEBUG] provider.terraform-provider-aws_v5.100.0_x5.exe: request failed with unretryable error https response error StatusCode: 404, RequestID: QJ9ND27W6JGQAKGV, HostID: OBF6XHpECIXNAOL4lg+zH53AQy4oDm2ol0eGVpF2x5uEDJ98TqMSmt6LM9/nd281ILRsjFee7SOgIfaiWGs5IQ==, api error NoSuchCORSConfiguration: The CORS configuration does not exist: @module=aws aws.region=us-east-2 tf_aws.sdk=aws-sdk-go-v2 @caller=github.com/hashicorp/aws-sdk-go-base/v2@v2.0.0-beta.65/logging/tf_logger.go:45 tf_rpc=ReadResource rpc.method=GetBucketCors rpc.service=S3 tf_mux_provider="*schema.GRPCProviderServer" tf_req_id=8654ef2a-380f-8f6c-e3a4-96d2296621ef rpc.system=aws-api tf_provider_addr=registry.terraform.io/hashicorp/aws tf_resource_type=aws_s3_bucket timestamp=2025-10-11T22:55:22.924-0600
2025-10-11T22:55:22.925-0600 [DEBUG] provider.terraform-provider-aws_v5.100.0_x5.exe: [DEBUG] Waiting for state to become: [success]
2025-10-11T22:55:22.928-0600 [DEBUG] provider.terraform-provider-aws_v5.100.0_x5.exe: HTTP Request Sent: tf_aws.signing_region="" tf_provider_addr=registry.terraform.io/hashicorp/aws tf_req_id=8654ef2a-380f-8f6c-e3a4-96d2296621ef http.method=GET http.request.header.accept_encoding=identity http.request.header.authorization="AWS4-HMAC-SHA256 Credential=AKIA************3APN/20251012/us-east-2/s3/aws4_request, SignedHeaders=accept-encoding;amz-sdk-invocation-id;amz-sdk-request;host;x-amz-content-sha256;x-amz-date, Signature=*****" http.user_agent="APN/1.0 HashiCorp/1.0 Terraform/1.12.0 (+https://www.terraform.io) terraform-provider-aws/5.100.0 (+https://registry.terraform.io/providers/hashicorp/aws) aws-sdk-go-v2/1.36.3 ua/2.1 os/windows lang/go#1.23.10 md/GOOS#windows md/GOARCH#386 api/s3#1.80.1 m/n" rpc.method=GetBucketWebsite tf_aws.sdk=aws-sdk-go-v2 http.request.header.x_amz_content_sha256=e3b0c44298fc1c149afbf4c8996fb92427ae41e4649b934ca495991b7852b855 http.request.header.x_amz_date=20251012T045522Z net.peer.name=infra-chide.s3.us-east-2.amazonaws.com rpc.service=S3 tf_mux_provider="*schema.GRPCProviderServer" aws.region=us-east-2 http.request.body="" http.request.header.amz_sdk_invocation_id=4537a91b-0e65-4c21-af0a-a18eca7ce623 http.request.header.amz_sdk_request="attempt=1; max=25" http.url=https://infra-chide.s3.us-east-2.amazonaws.com/?website= rpc.system=aws-api tf_resource_type=aws_s3_bucket tf_rpc=ReadResource @caller=github.com/hashicorp/aws-sdk-go-base/v2@v2.0.0-beta.65/logging/tf_logger.go:45 @module=aws timestamp=2025-10-11T22:55:22.928-0600
2025-10-11T22:55:23.518-0600 [DEBUG] provider.terraform-provider-aws_v5.100.0_x5.exe: HTTP Response Received: @caller=github.com/hashicorp/aws-sdk-go-base/v2@v2.0.0-beta.65/logging/tf_logger.go:45
  http.response.body=
  | <?xml version="1.0" encoding="UTF-8"?>
  | <Error><Code>NoSuchWebsiteConfiguration</Code><Message>The specified bucket does not have a website configuration</Message><BucketName>infra-chide</BucketName><RequestId>QJ9PAAWFAAFA4JWW</RequestId><HostId>TUs6F/PqqwmAwZ+9JUDra2t0b00LbQrEm5feRvNIt2UcuoOLM8HJwYx/axbo2Anawz8QZofbmNYRjaa9mJG/kQ==</HostId></Error>
   http.response.header.content_type=application/xml http.response.header.server=AmazonS3 rpc.method=GetBucketWebsite tf_mux_provider="*schema.GRPCProviderServer" tf_resource_type=aws_s3_bucket http.duration=588 rpc.system=aws-api tf_req_id=8654ef2a-380f-8f6c-e3a4-96d2296621ef aws.region=us-east-2 http.response.header.x_amz_id_2="TUs6F/PqqwmAwZ+9JUDra2t0b00LbQrEm5feRvNIt2UcuoOLM8HJwYx/axbo2Anawz8QZofbmNYRjaa9mJG/kQ==" http.response.header.x_amz_request_id=QJ9PAAWFAAFA4JWW rpc.service=S3 tf_provider_addr=registry.terraform.io/hashicorp/aws @module=aws http.response.header.date="Sun, 12 Oct 2025 04:55:23 GMT" http.status_code=404 tf_aws.sdk=aws-sdk-go-v2 tf_aws.signing_region="" tf_rpc=ReadResource timestamp=2025-10-11T22:55:23.517-0600
2025-10-11T22:55:23.518-0600 [DEBUG] provider.terraform-provider-aws_v5.100.0_x5.exe: request failed with unretryable error https response error StatusCode: 404, RequestID: QJ9PAAWFAAFA4JWW, HostID: TUs6F/PqqwmAwZ+9JUDra2t0b00LbQrEm5feRvNIt2UcuoOLM8HJwYx/axbo2Anawz8QZofbmNYRjaa9mJG/kQ==, api error NoSuchWebsiteConfiguration: The specified bucket does not have a website configuration: @module=aws aws.region=us-east-2 rpc.method=GetBucketWebsite tf_req_id=8654ef2a-380f-8f6c-e3a4-96d2296621ef @caller=github.com/hashicorp/aws-sdk-go-base/v2@v2.0.0-beta.65/logging/tf_logger.go:45 rpc.service=S3 tf_aws.sdk=aws-sdk-go-v2 tf_mux_provider="*schema.GRPCProviderServer" tf_provider_addr=registry.terraform.io/hashicorp/aws tf_resource_type=aws_s3_bucket tf_rpc=ReadResource rpc.system=aws-api timestamp=2025-10-11T22:55:23.518-0600
2025-10-11T22:55:23.519-0600 [DEBUG] provider.terraform-provider-aws_v5.100.0_x5.exe: [DEBUG] Waiting for state to become: [success]
2025-10-11T22:55:23.521-0600 [DEBUG] provider.terraform-provider-aws_v5.100.0_x5.exe: HTTP Request Sent: http.request.header.amz_sdk_invocation_id=0ef917a2-bcdf-4855-9c6d-e5aef052976d http.user_agent="APN/1.0 HashiCorp/1.0 Terraform/1.12.0 (+https://www.terraform.io) terraform-provider-aws/5.100.0 (+https://registry.terraform.io/providers/hashicorp/aws) aws-sdk-go-v2/1.36.3 ua/2.1 os/windows lang/go#1.23.10 md/GOOS#windows md/GOARCH#386 api/s3#1.80.1 m/n" rpc.method=GetBucketVersioning rpc.service=S3 tf_aws.sdk=aws-sdk-go-v2 tf_provider_addr=registry.terraform.io/hashicorp/aws tf_resource_type=aws_s3_bucket @module=aws http.method=GET http.request.body="" http.request.header.amz_sdk_request="attempt=1; max=25" net.peer.name=infra-chide.s3.us-east-2.amazonaws.com tf_mux_provider="*schema.GRPCProviderServer" tf_req_id=8654ef2a-380f-8f6c-e3a4-96d2296621ef tf_rpc=ReadResource aws.region=us-east-2 http.request.header.x_amz_date=20251012T045523Z http.request.header.x_amz_content_sha256=e3b0c44298fc1c149afbf4c8996fb92427ae41e4649b934ca495991b7852b855 @caller=github.com/hashicorp/aws-sdk-go-base/v2@v2.0.0-beta.65/logging/tf_logger.go:45 http.request.header.accept_encoding=identity http.request.header.authorization="AWS4-HMAC-SHA256 Credential=AKIA************3APN/20251012/us-east-2/s3/aws4_request, SignedHeaders=accept-encoding;amz-sdk-invocation-id;amz-sdk-request;host;x-amz-content-sha256;x-amz-date, Signature=*****" http.url=https://infra-chide.s3.us-east-2.amazonaws.com/?versioning= rpc.system=aws-api tf_aws.signing_region="" timestamp=2025-10-11T22:55:23.521-0600
2025-10-11T22:55:23.578-0600 [DEBUG] provider.terraform-provider-aws_v5.100.0_x5.exe: HTTP Response Received: @module=aws
  http.response.body=
  | <?xml version="1.0" encoding="UTF-8"?>
  | <VersioningConfiguration xmlns="http://s3.amazonaws.com/doc/2006-03-01/"><Status>Enabled</Status></VersioningConfiguration>
   rpc.method=GetBucketVersioning rpc.system=aws-api tf_resource_type=aws_s3_bucket @caller=github.com/hashicorp/aws-sdk-go-base/v2@v2.0.0-beta.65/logging/tf_logger.go:45 http.duration=54 http.response.header.date="Sun, 12 Oct 2025 04:55:25 GMT" http.response.header.x_amz_id_2=8W/QI1BMtOPvLZ4A4yqScQ4PpxtyOVV5QnBRtjpIuCsLm6UWfVZ//unTClZFnCAHszjwKtgTXaBeK93BRDMQGA== http.status_code=200 tf_mux_provider="*schema.GRPCProviderServer" tf_provider_addr=registry.terraform.io/hashicorp/aws tf_req_id=8654ef2a-380f-8f6c-e3a4-96d2296621ef aws.region=us-east-2 http.response.header.server=AmazonS3 http.response.header.x_amz_request_id=1PPCBGJYW9S0HADM tf_rpc=ReadResource rpc.service=S3 tf_aws.sdk=aws-sdk-go-v2 tf_aws.signing_region="" timestamp=2025-10-11T22:55:23.577-0600
2025-10-11T22:55:23.578-0600 [DEBUG] provider.terraform-provider-aws_v5.100.0_x5.exe: [DEBUG] Waiting for state to become: [success]
2025-10-11T22:55:23.580-0600 [DEBUG] provider.terraform-provider-aws_v5.100.0_x5.exe: HTTP Request Sent: rpc.method=GetBucketAccelerateConfiguration rpc.service=S3 tf_aws.sdk=aws-sdk-go-v2 tf_provider_addr=registry.terraform.io/hashicorp/aws tf_req_id=8654ef2a-380f-8f6c-e3a4-96d2296621ef tf_rpc=ReadResource @caller=github.com/hashicorp/aws-sdk-go-base/v2@v2.0.0-beta.65/logging/tf_logger.go:45 http.request.header.amz_sdk_invocation_id=ef661362-00f5-403f-8432-6a7c6fb62e69 rpc.system=aws-api tf_mux_provider="*schema.GRPCProviderServer" tf_resource_type=aws_s3_bucket http.request.header.authorization="AWS4-HMAC-SHA256 Credential=AKIA************3APN/20251012/us-east-2/s3/aws4_request, SignedHeaders=accept-encoding;amz-sdk-invocation-id;amz-sdk-request;host;x-amz-content-sha256;x-amz-date, Signature=*****" http.request.header.x_amz_content_sha256=e3b0c44298fc1c149afbf4c8996fb92427ae41e4649b934ca495991b7852b855 http.url=https://infra-chide.s3.us-east-2.amazonaws.com/?accelerate= http.user_agent="APN/1.0 HashiCorp/1.0 Terraform/1.12.0 (+https://www.terraform.io) terraform-provider-aws/5.100.0 (+https://registry.terraform.io/providers/hashicorp/aws) aws-sdk-go-v2/1.36.3 ua/2.1 os/windows lang/go#1.23.10 md/GOOS#windows md/GOARCH#386 api/s3#1.80.1 m/n" tf_aws.signing_region="" http.request.header.x_amz_date=20251012T045523Z @module=aws aws.region=us-east-2 http.method=GET http.request.body="" http.request.header.amz_sdk_request="attempt=1; max=25" net.peer.name=infra-chide.s3.us-east-2.amazonaws.com http.request.header.accept_encoding=identity timestamp=2025-10-11T22:55:23.580-0600
2025-10-11T22:55:23.837-0600 [DEBUG] provider.terraform-provider-aws_v5.100.0_x5.exe: HTTP Response Received:
  http.response.body=
  | <?xml version="1.0" encoding="UTF-8"?>
  | <AccelerateConfiguration xmlns="http://s3.amazonaws.com/doc/2006-03-01/"/>
   http.response.header.x_amz_request_id=1PPBACF2BE49DGMZ tf_aws.sdk=aws-sdk-go-v2 tf_provider_addr=registry.terraform.io/hashicorp/aws @caller=github.com/hashicorp/aws-sdk-go-base/v2@v2.0.0-beta.65/logging/tf_logger.go:45 @module=aws aws.region=us-east-2 http.response.header.date="Sun, 12 Oct 2025 04:55:25 GMT" tf_req_id=8654ef2a-380f-8f6c-e3a4-96d2296621ef tf_rpc=ReadResource http.response.header.server=AmazonS3 http.response.header.x_amz_id_2="UGJBPgRT+7BNUDkD8fepUJrNogLcXRE2bTKFRmZjK4xjf9nUdAC9+K8wDU/xFki9Zew+AQL1hhsOwLsC9By7TA==" http.status_code=200 rpc.service=S3 rpc.system=aws-api tf_aws.signing_region="" tf_mux_provider="*schema.GRPCProviderServer" http.duration=256 rpc.method=GetBucketAccelerateConfiguration tf_resource_type=aws_s3_bucket timestamp=2025-10-11T22:55:23.837-0600
2025-10-11T22:55:23.838-0600 [DEBUG] provider.terraform-provider-aws_v5.100.0_x5.exe: HTTP Response Received: @module=aws http.status_code=200 rpc.method=ListTagsOfResource rpc.system=aws-api tf_provider_addr=registry.terraform.io/hashicorp/aws aws.region=us-east-2 http.response.header.date="Sun, 12 Oct 2025 04:55:24 GMT" http.response_content_length=103 http.duration=1052
  http.response.body=
  | {"Tags":[{"Key":"Project","Value":"terraform-backend-bootstrap"},{"Key":"Environment","Value":"prod"}]}
   http.response.header.connection=keep-alive http.response.header.server=Server http.response.header.x_amz_crc32=2660612874 http.response.header.x_amzn_requestid=FD00H82CTND985U72A1FLVKRFNVV4KQNSO5AEMVJF66Q9ASUAAJG rpc.service=DynamoDB db.system=dynamodb http.response.header.content_type=application/x-amz-json-1.0 tf_aws.sdk=aws-sdk-go-v2 tf_aws.signing_region="" tf_mux_provider="*schema.GRPCProviderServer" tf_req_id=fcb9540a-ceba-837b-9c41-de287ca6625e tf_resource_type=aws_dynamodb_table tf_rpc=ReadResource @caller=github.com/hashicorp/aws-sdk-go-base/v2@v2.0.0-beta.65/logging/tf_logger.go:45 timestamp=2025-10-11T22:55:23.837-0600
2025-10-11T22:55:23.838-0600 [DEBUG] provider.terraform-provider-aws_v5.100.0_x5.exe: [DEBUG] Waiting for state to become: [success]
2025-10-11T22:55:23.840-0600 [DEBUG] provider.terraform-provider-aws_v5.100.0_x5.exe: HTTP Request Sent: tf_req_id=8654ef2a-380f-8f6c-e3a4-96d2296621ef tf_resource_type=aws_s3_bucket @caller=github.com/hashicorp/aws-sdk-go-base/v2@v2.0.0-beta.65/logging/tf_logger.go:45 aws.region=us-east-2 http.request.header.amz_sdk_invocation_id=929af403-2396-4a49-aa27-1f7c3ae42175 http.request.header.authorization="AWS4-HMAC-SHA256 Credential=AKIA************3APN/20251012/us-east-2/s3/aws4_request, SignedHeaders=accept-encoding;amz-sdk-invocation-id;amz-sdk-request;host;x-amz-content-sha256;x-amz-date, Signature=*****" http.request.header.x_amz_content_sha256=e3b0c44298fc1c149afbf4c8996fb92427ae41e4649b934ca495991b7852b855 http.user_agent="APN/1.0 HashiCorp/1.0 Terraform/1.12.0 (+https://www.terraform.io) terraform-provider-aws/5.100.0 (+https://registry.terraform.io/providers/hashicorp/aws) aws-sdk-go-v2/1.36.3 ua/2.1 os/windows lang/go#1.23.10 md/GOOS#windows md/GOARCH#386 api/s3#1.80.1 m/n" net.peer.name=infra-chide.s3.us-east-2.amazonaws.com rpc.method=GetBucketRequestPayment http.request.header.amz_sdk_request="attempt=1; max=25" http.request.header.x_amz_date=20251012T045523Z http.url=https://infra-chide.s3.us-east-2.amazonaws.com/?requestPayment= rpc.service=S3 tf_aws.signing_region="" tf_mux_provider="*schema.GRPCProviderServer" tf_provider_addr=registry.terraform.io/hashicorp/aws http.request.body="" http.request.header.accept_encoding=identity rpc.system=aws-api tf_rpc=ReadResource @module=aws http.method=GET tf_aws.sdk=aws-sdk-go-v2 timestamp=2025-10-11T22:55:23.840-0600
2025-10-11T22:55:23.883-0600 [WARN]  Provider "registry.terraform.io/hashicorp/aws" produced an invalid plan for aws_dynamodb_table.locks, but we are tolerating it because it is using the legacy plugin SDK.
    The following problems may be the cause of any confusing errors from downstream operations:
      - .deletion_protection_enabled: planned value cty.False for a non-computed attribute
      - .table_class: planned value cty.StringVal("STANDARD") for a non-computed attribute
      - .stream_enabled: planned value cty.False for a non-computed attribute
      - .ttl: block count in plan (1) disagrees with count in config (0)
      - .point_in_time_recovery: block count in plan (1) disagrees with count in config (0)
2025-10-11T22:55:24.113-0600 [DEBUG] provider.terraform-provider-aws_v5.100.0_x5.exe: HTTP Response Received: @caller=github.com/hashicorp/aws-sdk-go-base/v2@v2.0.0-beta.65/logging/tf_logger.go:45 aws.region=us-east-2 http.response.header.server=AmazonS3 http.response.header.x_amz_id_2=IvUzGUF35TfaUHp0yvumtODDOsW6mre0kpoS8bYB1rK010m0AFFFSfOmVRQt40ROi0lITNzzsgmwNmtOF3okYQ== rpc.method=GetBucketRequestPayment tf_mux_provider="*schema.GRPCProviderServer" tf_provider_addr=registry.terraform.io/hashicorp/aws tf_rpc=ReadResource
  http.response.body=
  | <?xml version="1.0" encoding="UTF-8"?>
  | <RequestPaymentConfiguration xmlns="http://s3.amazonaws.com/doc/2006-03-01/"><Payer>BucketOwner</Payer></RequestPaymentConfiguration>
   rpc.service=S3 tf_req_id=8654ef2a-380f-8f6c-e3a4-96d2296621ef http.duration=272 http.status_code=200 rpc.system=aws-api tf_aws.signing_region="" @module=aws http.response.header.date="Sun, 12 Oct 2025 04:55:25 GMT" http.response.header.x_amz_request_id=1PP9X97HJ2MJJEMM tf_aws.sdk=aws-sdk-go-v2 tf_resource_type=aws_s3_bucket timestamp=2025-10-11T22:55:24.112-0600
2025-10-11T22:55:24.114-0600 [DEBUG] provider.terraform-provider-aws_v5.100.0_x5.exe: [DEBUG] Waiting for state to become: [success]
2025-10-11T22:55:24.115-0600 [DEBUG] provider.terraform-provider-aws_v5.100.0_x5.exe: HTTP Request Sent: @module=aws http.request.header.accept_encoding=identity http.url=https://infra-chide.s3.us-east-2.amazonaws.com/?logging= rpc.system=aws-api tf_aws.sdk=aws-sdk-go-v2 http.method=GET http.request.header.amz_sdk_invocation_id=353e4965-2c91-4568-91cb-f3ed0ac90010 http.request.header.authorization="AWS4-HMAC-SHA256 Credential=AKIA************3APN/20251012/us-east-2/s3/aws4_request, SignedHeaders=accept-encoding;amz-sdk-invocation-id;amz-sdk-request;host;x-amz-content-sha256;x-amz-date, Signature=*****" http.request.header.x_amz_date=20251012T045524Z rpc.service=S3 tf_mux_provider="*schema.GRPCProviderServer" @caller=github.com/hashicorp/aws-sdk-go-base/v2@v2.0.0-beta.65/logging/tf_logger.go:45 aws.region=us-east-2 http.request.body="" http.request.header.amz_sdk_request="attempt=1; max=25" net.peer.name=infra-chide.s3.us-east-2.amazonaws.com rpc.method=GetBucketLogging tf_req_id=8654ef2a-380f-8f6c-e3a4-96d2296621ef http.request.header.x_amz_content_sha256=e3b0c44298fc1c149afbf4c8996fb92427ae41e4649b934ca495991b7852b855 http.user_agent="APN/1.0 HashiCorp/1.0 Terraform/1.12.0 (+https://www.terraform.io) terraform-provider-aws/5.100.0 (+https://registry.terraform.io/providers/hashicorp/aws) aws-sdk-go-v2/1.36.3 ua/2.1 os/windows lang/go#1.23.10 md/GOOS#windows md/GOARCH#386 api/s3#1.80.1 m/n" tf_aws.signing_region="" tf_provider_addr=registry.terraform.io/hashicorp/aws tf_resource_type=aws_s3_bucket tf_rpc=ReadResource timestamp=2025-10-11T22:55:24.114-0600
2025-10-11T22:55:24.477-0600 [DEBUG] provider.terraform-provider-aws_v5.100.0_x5.exe: HTTP Response Received: http.status_code=200 tf_mux_provider="*schema.GRPCProviderServer" tf_resource_type=aws_s3_bucket @caller=github.com/hashicorp/aws-sdk-go-base/v2@v2.0.0-beta.65/logging/tf_logger.go:45 http.duration=360 http.response.header.server=AmazonS3 rpc.service=S3 rpc.system=aws-api tf_aws.signing_region="" tf_req_id=8654ef2a-380f-8f6c-e3a4-96d2296621ef tf_rpc=ReadResource @module=aws aws.region=us-east-2
  http.response.body=
  | <?xml version="1.0" encoding="UTF-8"?>
  | 
  | <BucketLoggingStatus xmlns="http://s3.amazonaws.com/doc/2006-03-01/">
  |   <!--<LoggingEnabled><TargetBucket>myLogsBucket</TargetBucket><TargetPrefix>add/this/prefix/to/my/log/files/access_log-</TargetPrefix></LoggingEnabled>-->
  | </BucketLoggingStatus>
   http.response.header.content_type=application/xml http.response.header.x_amz_request_id=1PPETNMK7SPWSVFY tf_aws.sdk=aws-sdk-go-v2 tf_provider_addr=registry.terraform.io/hashicorp/aws http.response.header.date="Sun, 12 Oct 2025 04:55:25 GMT" http.response.header.x_amz_id_2="wl0Br4yjnvw+ciC3eni18z2l3hg2cB81eCVvfzVGtLHCTQv8gaI86HwyBgnQxaT19Z1P1UDPC0sBKadGlEkMzw==" rpc.method=GetBucketLogging timestamp=2025-10-11T22:55:24.476-0600
2025-10-11T22:55:24.477-0600 [DEBUG] provider.terraform-provider-aws_v5.100.0_x5.exe: [DEBUG] Waiting for state to become: [success]
2025-10-11T22:55:24.479-0600 [DEBUG] provider.terraform-provider-aws_v5.100.0_x5.exe: HTTP Request Sent: tf_mux_provider="*schema.GRPCProviderServer" http.request.header.accept_encoding=identity tf_provider_addr=registry.terraform.io/hashicorp/aws tf_req_id=8654ef2a-380f-8f6c-e3a4-96d2296621ef tf_resource_type=aws_s3_bucket http.request.header.x_amz_content_sha256=e3b0c44298fc1c149afbf4c8996fb92427ae41e4649b934ca495991b7852b855 http.request.header.x_amz_date=20251012T045524Z @module=aws http.request.header.amz_sdk_invocation_id=02929f42-e8b7-4ce7-9c9c-bd614d99034b http.request.header.authorization="AWS4-HMAC-SHA256 Credential=AKIA************3APN/20251012/us-east-2/s3/aws4_request, SignedHeaders=accept-encoding;amz-sdk-invocation-id;amz-sdk-request;host;x-amz-content-sha256;x-amz-date, Signature=*****" rpc.system=aws-api http.method=GET http.request.header.amz_sdk_request="attempt=1; max=25" rpc.method=GetBucketLifecycleConfiguration tf_aws.sdk=aws-sdk-go-v2 tf_aws.signing_region="" tf_rpc=ReadResource @caller=github.com/hashicorp/aws-sdk-go-base/v2@v2.0.0-beta.65/logging/tf_logger.go:45 aws.region=us-east-2 http.request.body="" http.url=https://infra-chide.s3.us-east-2.amazonaws.com/?lifecycle= http.user_agent="APN/1.0 HashiCorp/1.0 Terraform/1.12.0 (+https://www.terraform.io) terraform-provider-aws/5.100.0 (+https://registry.terraform.io/providers/hashicorp/aws) aws-sdk-go-v2/1.36.3 ua/2.1 os/windows lang/go#1.23.10 md/GOOS#windows md/GOARCH#386 api/s3#1.80.1 m/n" net.peer.name=infra-chide.s3.us-east-2.amazonaws.com rpc.service=S3 timestamp=2025-10-11T22:55:24.478-0600
2025-10-11T22:55:24.708-0600 [DEBUG] provider.terraform-provider-aws_v5.100.0_x5.exe: HTTP Response Received: http.response.header.date="Sun, 12 Oct 2025 04:55:26 GMT" http.response.header.server=AmazonS3 http.response.header.x_amz_request_id=BJJ5PPN9MK989V54 rpc.method=GetBucketLifecycleConfiguration rpc.system=aws-api
  http.response.body=
  | <?xml version="1.0" encoding="UTF-8"?>
  | <LifecycleConfiguration xmlns="http://s3.amazonaws.com/doc/2006-03-01/"><Rule><ID>expire-noncurrent-versions</ID><Filter><Prefix></Prefix></Filter><Status>Enabled</Status><NoncurrentVersionExpiration><NoncurrentDays>90</NoncurrentDays></NoncurrentVersionExpiration></Rule></LifecycleConfiguration>
   http.response.header.x_amz_id_2="hoR4OJR72uXramBKOh65Lrm/3xn70gO4Lx+rL2B/47C7kqCmJeE/q3qT0AXixxCTzGeD4h/J+3xPEIhGZk/KSg==" tf_provider_addr=registry.terraform.io/hashicorp/aws tf_req_id=8654ef2a-380f-8f6c-e3a4-96d2296621ef tf_resource_type=aws_s3_bucket @caller=github.com/hashicorp/aws-sdk-go-base/v2@v2.0.0-beta.65/logging/tf_logger.go:45 http.response.header.x_amz_transition_default_minimum_object_size=all_storage_classes_128K http.status_code=200 rpc.service=S3 tf_aws.signing_region="" tf_mux_provider="*schema.GRPCProviderServer" tf_rpc=ReadResource @module=aws aws.region=us-east-2 tf_aws.sdk=aws-sdk-go-v2 http.response_content_length=336 http.duration=227 timestamp=2025-10-11T22:55:24.708-0600
2025-10-11T22:55:24.709-0600 [DEBUG] provider.terraform-provider-aws_v5.100.0_x5.exe: [DEBUG] Waiting for state to become: [success]
2025-10-11T22:55:24.711-0600 [DEBUG] provider.terraform-provider-aws_v5.100.0_x5.exe: HTTP Request Sent: @module=aws aws.region=us-east-2 rpc.method=GetBucketReplication rpc.system=aws-api http.request.header.amz_sdk_request="attempt=1; max=25" rpc.service=S3 tf_aws.sdk=aws-sdk-go-v2 tf_aws.signing_region="" tf_mux_provider="*schema.GRPCProviderServer" tf_provider_addr=registry.terraform.io/hashicorp/aws tf_req_id=8654ef2a-380f-8f6c-e3a4-96d2296621ef tf_resource_type=aws_s3_bucket @caller=github.com/hashicorp/aws-sdk-go-base/v2@v2.0.0-beta.65/logging/tf_logger.go:45 http.method=GET http.request.body="" http.user_agent="APN/1.0 HashiCorp/1.0 Terraform/1.12.0 (+https://www.terraform.io) terraform-provider-aws/5.100.0 (+https://registry.terraform.io/providers/hashicorp/aws) aws-sdk-go-v2/1.36.3 ua/2.1 os/windows lang/go#1.23.10 md/GOOS#windows md/GOARCH#386 api/s3#1.80.1 m/n" http.request.header.accept_encoding=identity http.request.header.x_amz_date=20251012T045524Z http.url=https://infra-chide.s3.us-east-2.amazonaws.com/?replication= net.peer.name=infra-chide.s3.us-east-2.amazonaws.com tf_rpc=ReadResource http.request.header.amz_sdk_invocation_id=9a8bf96a-d1fc-4103-b51c-bd5735fa9ffa http.request.header.authorization="AWS4-HMAC-SHA256 Credential=AKIA************3APN/20251012/us-east-2/s3/aws4_request, SignedHeaders=accept-encoding;amz-sdk-invocation-id;amz-sdk-request;host;x-amz-content-sha256;x-amz-date, Signature=*****" http.request.header.x_amz_content_sha256=e3b0c44298fc1c149afbf4c8996fb92427ae41e4649b934ca495991b7852b855 timestamp=2025-10-11T22:55:24.711-0600
2025-10-11T22:55:24.871-0600 [DEBUG] provider.terraform-provider-aws_v5.100.0_x5.exe: HTTP Response Received: @module=aws aws.region=us-east-2 tf_aws.signing_region="" tf_mux_provider="*schema.GRPCProviderServer" tf_req_id=8654ef2a-380f-8f6c-e3a4-96d2296621ef http.duration=160
  http.response.body=
  | <?xml version="1.0" encoding="UTF-8"?>
  | <Error><Code>ReplicationConfigurationNotFoundError</Code><Message>The replication configuration was not found</Message><BucketName>infra-chide</BucketName><RequestId>BJJ2VH71HSZFF122</RequestId><HostId>qansfhv8NJiWgPCxmSFNJwnjfaRGgbZJqKMT3iTMG80f3qHaaTLNHUM5igzoD7E+jLAqw39a3rT7ltVY7y1/Xg==</HostId></Error>
   http.response.header.x_amz_request_id=BJJ2VH71HSZFF122 tf_aws.sdk=aws-sdk-go-v2 tf_resource_type=aws_s3_bucket tf_rpc=ReadResource http.response.header.server=AmazonS3 http.response.header.x_amz_id_2="qansfhv8NJiWgPCxmSFNJwnjfaRGgbZJqKMT3iTMG80f3qHaaTLNHUM5igzoD7E+jLAqw39a3rT7ltVY7y1/Xg==" rpc.method=GetBucketReplication rpc.system=aws-api tf_provider_addr=registry.terraform.io/hashicorp/aws @caller=github.com/hashicorp/aws-sdk-go-base/v2@v2.0.0-beta.65/logging/tf_logger.go:45 http.response.header.content_type=application/xml http.response.header.date="Sun, 12 Oct 2025 04:55:25 GMT" http.status_code=404 rpc.service=S3 timestamp=2025-10-11T22:55:24.871-0600
2025-10-11T22:55:24.872-0600 [DEBUG] provider.terraform-provider-aws_v5.100.0_x5.exe: request failed with unretryable error https response error StatusCode: 404, RequestID: BJJ2VH71HSZFF122, HostID: qansfhv8NJiWgPCxmSFNJwnjfaRGgbZJqKMT3iTMG80f3qHaaTLNHUM5igzoD7E+jLAqw39a3rT7ltVY7y1/Xg==, api error ReplicationConfigurationNotFoundError: The replication configuration was not found: @caller=github.com/hashicorp/aws-sdk-go-base/v2@v2.0.0-beta.65/logging/tf_logger.go:45 rpc.service=S3 tf_rpc=ReadResource @module=aws rpc.method=GetBucketReplication tf_provider_addr=registry.terraform.io/hashicorp/aws tf_resource_type=aws_s3_bucket aws.region=us-east-2 rpc.system=aws-api tf_mux_provider="*schema.GRPCProviderServer" tf_aws.sdk=aws-sdk-go-v2 tf_req_id=8654ef2a-380f-8f6c-e3a4-96d2296621ef timestamp=2025-10-11T22:55:24.871-0600
2025-10-11T22:55:24.872-0600 [DEBUG] provider.terraform-provider-aws_v5.100.0_x5.exe: [DEBUG] Waiting for state to become: [success]
2025-10-11T22:55:24.873-0600 [DEBUG] provider.terraform-provider-aws_v5.100.0_x5.exe: HTTP Request Sent: @module=aws http.method=GET http.request.header.accept_encoding=identity http.request.header.amz_sdk_request="attempt=1; max=25" http.request.header.authorization="AWS4-HMAC-SHA256 Credential=AKIA************3APN/20251012/us-east-2/s3/aws4_request, SignedHeaders=accept-encoding;amz-sdk-invocation-id;amz-sdk-request;host;x-amz-content-sha256;x-amz-date, Signature=*****" http.url=https://infra-chide.s3.us-east-2.amazonaws.com/?encryption= net.peer.name=infra-chide.s3.us-east-2.amazonaws.com rpc.service=S3 http.request.header.x_amz_content_sha256=e3b0c44298fc1c149afbf4c8996fb92427ae41e4649b934ca495991b7852b855 tf_aws.signing_region="" tf_mux_provider="*schema.GRPCProviderServer" tf_resource_type=aws_s3_bucket http.request.body="" http.user_agent="APN/1.0 HashiCorp/1.0 Terraform/1.12.0 (+https://www.terraform.io) terraform-provider-aws/5.100.0 (+https://registry.terraform.io/providers/hashicorp/aws) aws-sdk-go-v2/1.36.3 ua/2.1 os/windows lang/go#1.23.10 md/GOOS#windows md/GOARCH#386 api/s3#1.80.1 m/n" rpc.method=GetBucketEncryption tf_aws.sdk=aws-sdk-go-v2 tf_req_id=8654ef2a-380f-8f6c-e3a4-96d2296621ef tf_rpc=ReadResource @caller=github.com/hashicorp/aws-sdk-go-base/v2@v2.0.0-beta.65/logging/tf_logger.go:45 aws.region=us-east-2 http.request.header.amz_sdk_invocation_id=94441698-c8f7-4da6-81cc-013397a636de http.request.header.x_amz_date=20251012T045524Z rpc.system=aws-api tf_provider_addr=registry.terraform.io/hashicorp/aws timestamp=2025-10-11T22:55:24.873-0600
2025-10-11T22:55:24.937-0600 [DEBUG] provider.terraform-provider-aws_v5.100.0_x5.exe: HTTP Response Received: rpc.method=GetBucketEncryption rpc.system=aws-api tf_aws.signing_region="" tf_req_id=8654ef2a-380f-8f6c-e3a4-96d2296621ef aws.region=us-east-2 http.status_code=200 rpc.service=S3 @module=aws
  http.response.body=
  | <?xml version="1.0" encoding="UTF-8"?>
  | <ServerSideEncryptionConfiguration xmlns="http://s3.amazonaws.com/doc/2006-03-01/"><Rule><BucketKeyEnabled>false</BucketKeyEnabled><ApplyServerSideEncryptionByDefault><SSEAlgorithm>AES256</SSEAlgorithm></ApplyServerSideEncryptionByDefault></Rule></ServerSideEncryptionConfiguration>
   http.response.header.date="Sun, 12 Oct 2025 04:55:26 GMT" tf_provider_addr=registry.terraform.io/hashicorp/aws tf_resource_type=aws_s3_bucket @caller=github.com/hashicorp/aws-sdk-go-base/v2@v2.0.0-beta.65/logging/tf_logger.go:45 http.duration=63 http.response.header.x_amz_id_2=kdIJjZRrw1c5FRoRF82fppw/EE6dLi8cdvHfguaRqVARGPMralCmbJ8soJcKTNMbw1omNRrTszfhfEnxrZtyrw== http.response.header.x_amz_request_id=BJJBA50NB20E28XB tf_aws.sdk=aws-sdk-go-v2 tf_mux_provider="*schema.GRPCProviderServer" tf_rpc=ReadResource http.response.header.server=AmazonS3 timestamp=2025-10-11T22:55:24.936-0600
2025-10-11T22:55:24.938-0600 [DEBUG] provider.terraform-provider-aws_v5.100.0_x5.exe: [DEBUG] Waiting for state to become: [success]
2025-10-11T22:55:24.941-0600 [DEBUG] provider.terraform-provider-aws_v5.100.0_x5.exe: HTTP Request Sent: tf_resource_type=aws_s3_bucket @caller=github.com/hashicorp/aws-sdk-go-base/v2@v2.0.0-beta.65/logging/tf_logger.go:45 @module=aws http.request.header.amz_sdk_request="attempt=1; max=25" tf_aws.sdk=aws-sdk-go-v2 tf_provider_addr=registry.terraform.io/hashicorp/aws http.request.header.x_amz_content_sha256=e3b0c44298fc1c149afbf4c8996fb92427ae41e4649b934ca495991b7852b855 rpc.system=aws-api tf_mux_provider="*schema.GRPCProviderServer" tf_rpc=ReadResource aws.region=us-east-2 http.method=GET http.request.header.accept_encoding=identity http.url=https://infra-chide.s3.us-east-2.amazonaws.com/?object-lock= net.peer.name=infra-chide.s3.us-east-2.amazonaws.com rpc.service=S3 tf_req_id=8654ef2a-380f-8f6c-e3a4-96d2296621ef http.request.body="" http.request.header.amz_sdk_invocation_id=e741f835-b635-4dd2-b410-0568bcd1eaac http.request.header.authorization="AWS4-HMAC-SHA256 Credential=AKIA************3APN/20251012/us-east-2/s3/aws4_request, SignedHeaders=accept-encoding;amz-sdk-invocation-id;amz-sdk-request;host;x-amz-content-sha256;x-amz-date, Signature=*****" http.request.header.x_amz_date=20251012T045524Z http.user_agent="APN/1.0 HashiCorp/1.0 Terraform/1.12.0 (+https://www.terraform.io) terraform-provider-aws/5.100.0 (+https://registry.terraform.io/providers/hashicorp/aws) aws-sdk-go-v2/1.36.3 ua/2.1 os/windows lang/go#1.23.10 md/GOOS#windows md/GOARCH#386 api/s3#1.80.1 m/n" rpc.method=GetObjectLockConfiguration tf_aws.signing_region="" timestamp=2025-10-11T22:55:24.940-0600
2025-10-11T22:55:24.994-0600 [DEBUG] provider.terraform-provider-aws_v5.100.0_x5.exe: HTTP Response Received: rpc.service=S3 tf_aws.sdk=aws-sdk-go-v2 tf_rpc=ReadResource http.duration=51
  http.response.body=
  | <?xml version="1.0" encoding="UTF-8"?>
  | <Error><Code>ObjectLockConfigurationNotFoundError</Code><Message>Object Lock configuration does not exist for this bucket</Message><BucketName>infra-chide</BucketName><RequestId>BJJ80F8G5X2EKWPB</RequestId><HostId>cF1xblUsDnOQ7Pfu1d3NH0E3FyFDmXlXGrmQhj7iSyTNmW9fmg6Srn8zDpb+XRa8hYU2NY2cYafjy1TTeZ7svg==</HostId></Error>
   http.response.header.content_type=application/xml http.response.header.x_amz_id_2="cF1xblUsDnOQ7Pfu1d3NH0E3FyFDmXlXGrmQhj7iSyTNmW9fmg6Srn8zDpb+XRa8hYU2NY2cYafjy1TTeZ7svg==" http.response.header.x_amz_request_id=BJJ80F8G5X2EKWPB http.status_code=404 rpc.method=GetObjectLockConfiguration @module=aws aws.region=us-east-2 http.response.header.server=AmazonS3 rpc.system=aws-api tf_aws.signing_region="" tf_req_id=8654ef2a-380f-8f6c-e3a4-96d2296621ef tf_resource_type=aws_s3_bucket tf_mux_provider="*schema.GRPCProviderServer" tf_provider_addr=registry.terraform.io/hashicorp/aws @caller=github.com/hashicorp/aws-sdk-go-base/v2@v2.0.0-beta.65/logging/tf_logger.go:45 http.response.header.date="Sun, 12 Oct 2025 04:55:25 GMT" timestamp=2025-10-11T22:55:24.992-0600
2025-10-11T22:55:24.994-0600 [DEBUG] provider.terraform-provider-aws_v5.100.0_x5.exe: request failed with unretryable error https response error StatusCode: 404, RequestID: BJJ80F8G5X2EKWPB, HostID: cF1xblUsDnOQ7Pfu1d3NH0E3FyFDmXlXGrmQhj7iSyTNmW9fmg6Srn8zDpb+XRa8hYU2NY2cYafjy1TTeZ7svg==, api error ObjectLockConfigurationNotFoundError: Object Lock configuration does not exist for this bucket: aws.region=us-east-2 rpc.method=GetObjectLockConfiguration @module=aws rpc.service=S3 tf_provider_addr=registry.terraform.io/hashicorp/aws tf_resource_type=aws_s3_bucket tf_req_id=8654ef2a-380f-8f6c-e3a4-96d2296621ef tf_rpc=ReadResource @caller=github.com/hashicorp/aws-sdk-go-base/v2@v2.0.0-beta.65/logging/tf_logger.go:45 rpc.system=aws-api tf_aws.sdk=aws-sdk-go-v2 tf_mux_provider="*schema.GRPCProviderServer" timestamp=2025-10-11T22:55:24.993-0600
2025-10-11T22:55:24.995-0600 [DEBUG] provider.terraform-provider-aws_v5.100.0_x5.exe: HTTP Request Sent: http.request.header.amz_sdk_request="attempt=1; max=25" http.request.header.authorization="AWS4-HMAC-SHA256 Credential=AKIA************3APN/20251012/us-east-2/s3/aws4_request, SignedHeaders=accept-encoding;amz-sdk-invocation-id;amz-sdk-request;host;x-amz-content-sha256;x-amz-date, Signature=*****" http.request.header.x_amz_content_sha256=e3b0c44298fc1c149afbf4c8996fb92427ae41e4649b934ca495991b7852b855 rpc.method=HeadBucket tf_aws.sdk=aws-sdk-go-v2 tf_aws.signing_region="" @caller=github.com/hashicorp/aws-sdk-go-base/v2@v2.0.0-beta.65/logging/tf_logger.go:45 http.method=HEAD http.request.header.accept_encoding=identity net.peer.name=infra-chide.s3.us-east-2.amazonaws.com rpc.service=S3 rpc.system=aws-api tf_mux_provider="*schema.GRPCProviderServer" http.user_agent="APN/1.0 HashiCorp/1.0 Terraform/1.12.0 (+https://www.terraform.io) terraform-provider-aws/5.100.0 (+https://registry.terraform.io/providers/hashicorp/aws) aws-sdk-go-v2/1.36.3 ua/2.1 os/windows lang/go#1.23.10 md/GOOS#windows md/GOARCH#386 api/s3#1.80.1 m/n" tf_req_id=8654ef2a-380f-8f6c-e3a4-96d2296621ef tf_resource_type=aws_s3_bucket tf_rpc=ReadResource @module=aws aws.region=us-east-2 aws.s3.bucket=infra-chide http.request.header.amz_sdk_invocation_id=4dc0665e-8b8c-44df-99ea-901ef63408eb http.request.header.x_amz_date=20251012T045524Z http.url=https://infra-chide.s3.us-east-2.amazonaws.com/ tf_provider_addr=registry.terraform.io/hashicorp/aws http.request.body="" timestamp=2025-10-11T22:55:24.995-0600
2025-10-11T22:55:25.042-0600 [DEBUG] provider.terraform-provider-aws_v5.100.0_x5.exe: HTTP Response Received: aws.s3.bucket=infra-chide http.response.header.date="Sun, 12 Oct 2025 04:55:26 GMT" http.response.header.x_amz_request_id=BJJBXFEVRJNJ4PYZ rpc.service=S3 rpc.system=aws-api http.response.header.server=AmazonS3 http.response.header.x_amz_access_point_alias=false http.response.header.x_amz_id_2="90Y7+h6mz11BRuoP/sTQ2rB9P0QtT7JkMxU5/O05JHviN0cUUbNpQDE5HGXBnRuxbSQ+QgAUQQK4c26Nox4LFg==" http.status_code=200 tf_provider_addr=registry.terraform.io/hashicorp/aws tf_resource_type=aws_s3_bucket tf_rpc=ReadResource aws.region=us-east-2 http.duration=46 http.response.header.content_type=application/xml http.response.header.x_amz_bucket_region=us-east-2 rpc.method=HeadBucket tf_aws.sdk=aws-sdk-go-v2 tf_aws.signing_region="" @module=aws http.response.body="" tf_mux_provider="*schema.GRPCProviderServer" tf_req_id=8654ef2a-380f-8f6c-e3a4-96d2296621ef @caller=github.com/hashicorp/aws-sdk-go-base/v2@v2.0.0-beta.65/logging/tf_logger.go:45 timestamp=2025-10-11T22:55:25.042-0600
2025-10-11T22:55:25.044-0600 [DEBUG] provider.terraform-provider-aws_v5.100.0_x5.exe: HTTP Request Sent: @caller=github.com/hashicorp/aws-sdk-go-base/v2@v2.0.0-beta.65/logging/tf_logger.go:45 http.method=GET http.request.header.amz_sdk_request="attempt=1; max=25" rpc.method=GetBucketTagging tf_aws.sdk=aws-sdk-go-v2 tf_aws.signing_region="" tf_provider_addr=registry.terraform.io/hashicorp/aws tf_resource_type=aws_s3_bucket http.request.body="" http.request.header.accept_encoding=identity http.request.header.x_amz_content_sha256=e3b0c44298fc1c149afbf4c8996fb92427ae41e4649b934ca495991b7852b855 net.peer.name=infra-chide.s3.us-east-2.amazonaws.com rpc.system=aws-api aws.region=us-east-2 http.request.header.amz_sdk_invocation_id=f1a017b0-d3f9-48a8-8932-1874eb6b3697 http.request.header.x_amz_date=20251012T045525Z http.url=https://infra-chide.s3.us-east-2.amazonaws.com/?tagging= rpc.service=S3 tf_mux_provider="*schema.GRPCProviderServer" @module=aws http.request.header.authorization="AWS4-HMAC-SHA256 Credential=AKIA************3APN/20251012/us-east-2/s3/aws4_request, SignedHeaders=accept-encoding;amz-sdk-invocation-id;amz-sdk-request;host;x-amz-content-sha256;x-amz-date, Signature=*****" http.user_agent="APN/1.0 HashiCorp/1.0 Terraform/1.12.0 (+https://www.terraform.io) terraform-provider-aws/5.100.0 (+https://registry.terraform.io/providers/hashicorp/aws) aws-sdk-go-v2/1.36.3 ua/2.1 os/windows lang/go#1.23.10 md/GOOS#windows md/GOARCH#386 api/s3#1.80.1 m/n" tf_req_id=8654ef2a-380f-8f6c-e3a4-96d2296621ef tf_rpc=ReadResource timestamp=2025-10-11T22:55:25.044-0600
2025-10-11T22:55:25.143-0600 [DEBUG] provider.terraform-provider-aws_v5.100.0_x5.exe: HTTP Response Received: http.response.header.x_amz_request_id=BJJ7PENZYY9VG04E @caller=github.com/hashicorp/aws-sdk-go-base/v2@v2.0.0-beta.65/logging/tf_logger.go:45 aws.region=us-east-2 http.response.header.x_amz_id_2="ibmAUyClNioXjwxuwIRrmN+d5EsXVsPsANyVblIjZ+PFxmBKTOnop136xyKPzWq2mTSzJzQ1bLRGJZYPBJ/Jtg==" rpc.service=S3 tf_req_id=8654ef2a-380f-8f6c-e3a4-96d2296621ef @module=aws rpc.method=GetBucketTagging tf_aws.signing_region="" tf_mux_provider="*schema.GRPCProviderServer" tf_resource_type=aws_s3_bucket tf_rpc=ReadResource http.status_code=200 http.duration=96 http.response.header.date="Sun, 12 Oct 2025 04:55:26 GMT" rpc.system=aws-api tf_aws.sdk=aws-sdk-go-v2
  http.response.body=
  | <?xml version="1.0" encoding="UTF-8"?>
  | <Tagging xmlns="http://s3.amazonaws.com/doc/2006-03-01/"><TagSet><Tag><Key>Project</Key><Value>terraform-backend-bootstrap</Value></Tag><Tag><Key>Environment</Key><Value>prod</Value></Tag></TagSet></Tagging>
   http.response.header.server=AmazonS3 tf_provider_addr=registry.terraform.io/hashicorp/aws timestamp=2025-10-11T22:55:25.142-0600
2025-10-11T22:55:25.207-0600 [WARN]  Provider "registry.terraform.io/hashicorp/aws" produced an invalid plan for aws_s3_bucket.state, but we are tolerating it because it is using the legacy plugin SDK.
    The following problems may be the cause of any confusing errors from downstream operations:
      - .lifecycle_rule: block count in plan (1) disagrees with count in config (0)
      - .server_side_encryption_configuration: block count in plan (1) disagrees with count in config (0)
      - .versioning: block count in plan (1) disagrees with count in config (0)
2025-10-11T22:55:25.212-0600 [DEBUG] ReferenceTransformer: "aws_s3_bucket_public_access_block.state" references: []
2025-10-11T22:55:25.212-0600 [DEBUG] ReferenceTransformer: "aws_s3_bucket_ownership_controls.state" references: []
2025-10-11T22:55:25.213-0600 [DEBUG] ReferenceTransformer: "aws_s3_bucket_lifecycle_configuration.state" references: []
2025-10-11T22:55:25.214-0600 [DEBUG] ReferenceTransformer: "aws_s3_bucket_versioning.state" references: []
2025-10-11T22:55:25.215-0600 [DEBUG] ReferenceTransformer: "aws_s3_bucket_server_side_encryption_configuration.state" references: []
2025-10-11T22:55:25.224-0600 [DEBUG] provider.terraform-provider-aws_v5.100.0_x5.exe: HTTP Request Sent: aws.region=us-east-2 http.request.header.accept_encoding=identity http.url=https://infra-chide.s3.us-east-2.amazonaws.com/?publicAccessBlock= tf_aws.signing_region="" tf_rpc=ReadResource http.method=GET http.request.header.amz_sdk_invocation_id=0d2e4300-1eaa-4649-b1f4-423a540ac6e2 http.request.header.x_amz_content_sha256=e3b0c44298fc1c149afbf4c8996fb92427ae41e4649b934ca495991b7852b855 http.request.header.x_amz_date=20251012T045525Z rpc.service=S3 tf_mux_provider="*schema.GRPCProviderServer" @module=aws http.request.header.authorization="AWS4-HMAC-SHA256 Credential=AKIA************3APN/20251012/us-east-2/s3/aws4_request, SignedHeaders=accept-encoding;amz-sdk-invocation-id;amz-sdk-request;host;x-amz-content-sha256;x-amz-date, Signature=*****" http.user_agent="APN/1.0 HashiCorp/1.0 Terraform/1.12.0 (+https://www.terraform.io) terraform-provider-aws/5.100.0 (+https://registry.terraform.io/providers/hashicorp/aws) aws-sdk-go-v2/1.36.3 ua/2.1 os/windows lang/go#1.23.10 md/GOOS#windows md/GOARCH#386 api/s3#1.80.1 m/n" rpc.method=GetPublicAccessBlock tf_aws.sdk=aws-sdk-go-v2 tf_req_id=b6f38d40-d8f3-8280-10b8-203f23d6b70d tf_resource_type=aws_s3_bucket_public_access_block http.request.body="" http.request.header.amz_sdk_request="attempt=1; max=25" net.peer.name=infra-chide.s3.us-east-2.amazonaws.com rpc.system=aws-api tf_provider_addr=registry.terraform.io/hashicorp/aws @caller=github.com/hashicorp/aws-sdk-go-base/v2@v2.0.0-beta.65/logging/tf_logger.go:45 timestamp=2025-10-11T22:55:25.223-0600
2025-10-11T22:55:25.225-0600 [DEBUG] provider.terraform-provider-aws_v5.100.0_x5.exe: HTTP Request Sent: http.request.header.amz_sdk_request="attempt=1; max=25" http.request.header.authorization="AWS4-HMAC-SHA256 Credential=AKIA************3APN/20251012/us-east-2/s3/aws4_request, SignedHeaders=accept-encoding;amz-sdk-invocation-id;amz-sdk-request;host;x-amz-content-sha256;x-amz-date, Signature=*****" rpc.service=S3 tf_mux_provider="*schema.GRPCProviderServer" tf_rpc=ReadResource http.method=GET http.request.header.amz_sdk_invocation_id=9554696d-88cf-4b65-9180-fb936973d8a2 rpc.system=aws-api tf_provider_addr=registry.terraform.io/hashicorp/aws @caller=github.com/hashicorp/aws-sdk-go-base/v2@v2.0.0-beta.65/logging/tf_logger.go:45 @module=aws aws.region=us-east-2 http.request.header.x_amz_date=20251012T045525Z http.url=https://infra-chide.s3.us-east-2.amazonaws.com/?ownershipControls= http.user_agent="APN/1.0 HashiCorp/1.0 Terraform/1.12.0 (+https://www.terraform.io) terraform-provider-aws/5.100.0 (+https://registry.terraform.io/providers/hashicorp/aws) aws-sdk-go-v2/1.36.3 ua/2.1 os/windows lang/go#1.23.10 md/GOOS#windows md/GOARCH#386 api/s3#1.80.1 m/n" net.peer.name=infra-chide.s3.us-east-2.amazonaws.com rpc.method=GetBucketOwnershipControls http.request.body="" http.request.header.x_amz_content_sha256=e3b0c44298fc1c149afbf4c8996fb92427ae41e4649b934ca495991b7852b855 tf_aws.sdk=aws-sdk-go-v2 tf_aws.signing_region="" tf_req_id=5fd9263c-ee84-4804-6a99-a1ddf3205203 tf_resource_type=aws_s3_bucket_ownership_controls http.request.header.accept_encoding=identity timestamp=2025-10-11T22:55:25.224-0600
2025-10-11T22:55:25.225-0600 [DEBUG] provider.terraform-provider-aws_v5.100.0_x5.exe: [DEBUG] Waiting for state to become: [Enabled Suspended Disabled]
2025-10-11T22:55:25.228-0600 [DEBUG] provider.terraform-provider-aws_v5.100.0_x5.exe: HTTP Request Sent: http.request.header.x_amz_date=20251012T045525Z http.url=https://infra-chide.s3.us-east-2.amazonaws.com/?encryption= http.user_agent="APN/1.0 HashiCorp/1.0 Terraform/1.12.0 (+https://www.terraform.io) terraform-provider-aws/5.100.0 (+https://registry.terraform.io/providers/hashicorp/aws) aws-sdk-go-v2/1.36.3 ua/2.1 os/windows lang/go#1.23.10 md/GOOS#windows md/GOARCH#386 api/s3#1.80.1 m/n" rpc.method=GetBucketEncryption aws.region=us-east-2 http.request.body="" http.request.header.amz_sdk_request="attempt=1; max=25" net.peer.name=infra-chide.s3.us-east-2.amazonaws.com rpc.service=S3 rpc.system=aws-api tf_mux_provider="*schema.GRPCProviderServer" http.request.header.x_amz_content_sha256=e3b0c44298fc1c149afbf4c8996fb92427ae41e4649b934ca495991b7852b855 tf_aws.signing_region="" tf_provider_addr=registry.terraform.io/hashicorp/aws tf_resource_type=aws_s3_bucket_server_side_encryption_configuration @caller=github.com/hashicorp/aws-sdk-go-base/v2@v2.0.0-beta.65/logging/tf_logger.go:45 http.request.header.accept_encoding=identity tf_aws.sdk=aws-sdk-go-v2 tf_req_id=8a80e8be-5915-4d9d-dd4f-3c14768c8d00 tf_rpc=ReadResource @module=aws http.method=GET http.request.header.amz_sdk_invocation_id=65abbaa7-31bd-4df3-b0ec-e37d357e6688 http.request.header.authorization="AWS4-HMAC-SHA256 Credential=AKIA************3APN/20251012/us-east-2/s3/aws4_request, SignedHeaders=accept-encoding;amz-sdk-invocation-id;amz-sdk-request;host;x-amz-content-sha256;x-amz-date, Signature=*****" timestamp=2025-10-11T22:55:25.228-0600
2025-10-11T22:55:25.241-0600 [DEBUG] provider.terraform-provider-aws_v5.100.0_x5.exe: [DEBUG] Waiting for state to become: [success]
2025-10-11T22:55:25.244-0600 [DEBUG] provider.terraform-provider-aws_v5.100.0_x5.exe: HTTP Request Sent: tf_req_id=d4812edb-5ad0-0b27-8519-935292a66fde tf_resource_type=aws_s3_bucket_lifecycle_configuration @caller=github.com/hashicorp/aws-sdk-go-base/v2@v2.0.0-beta.65/logging/tf_logger.go:45 rpc.method=GetBucketLifecycleConfiguration tf_rpc=ReadResource @module=aws http.method=GET http.request.body="" http.request.header.accept_encoding=identity http.request.header.x_amz_date=20251012T045525Z rpc.system=aws-api tf_mux_provider="*proto5server.Server" aws.region=us-east-2 http.request.header.amz_sdk_invocation_id=501c69fc-93fe-4696-bf07-3af7a92580b9 http.request.header.amz_sdk_request="attempt=1; max=25" http.url=https://infra-chide.s3.us-east-2.amazonaws.com/?lifecycle= http.user_agent="APN/1.0 HashiCorp/1.0 Terraform/1.12.0 (+https://www.terraform.io) terraform-provider-aws/5.100.0 (+https://registry.terraform.io/providers/hashicorp/aws) aws-sdk-go-v2/1.36.3 ua/2.1 os/windows lang/go#1.23.10 md/GOOS#windows md/GOARCH#386 api/s3#1.80.1 m/n" net.peer.name=infra-chide.s3.us-east-2.amazonaws.com http.request.header.authorization="AWS4-HMAC-SHA256 Credential=AKIA************3APN/20251012/us-east-2/s3/aws4_request, SignedHeaders=accept-encoding;amz-sdk-invocation-id;amz-sdk-request;host;x-amz-content-sha256;x-amz-date, Signature=*****" http.request.header.x_amz_content_sha256=e3b0c44298fc1c149afbf4c8996fb92427ae41e4649b934ca495991b7852b855 rpc.service=S3 tf_aws.sdk=aws-sdk-go-v2 tf_aws.signing_region="" tf_provider_addr=registry.terraform.io/hashicorp/aws timestamp=2025-10-11T22:55:25.243-0600
2025-10-11T22:55:25.284-0600 [DEBUG] provider.terraform-provider-aws_v5.100.0_x5.exe: HTTP Response Received: tf_resource_type=aws_s3_bucket_public_access_block tf_rpc=ReadResource @caller=github.com/hashicorp/aws-sdk-go-base/v2@v2.0.0-beta.65/logging/tf_logger.go:45 http.duration=59 http.response.header.x_amz_request_id=BJJ058WFRGE4BW1T http.status_code=200 rpc.system=aws-api
  http.response.body=
  | <?xml version="1.0" encoding="UTF-8"?>
  | <PublicAccessBlockConfiguration xmlns="http://s3.amazonaws.com/doc/2006-03-01/"><BlockPublicAcls>true</BlockPublicAcls><IgnorePublicAcls>true</IgnorePublicAcls><BlockPublicPolicy>true</BlockPublicPolicy><RestrictPublicBuckets>true</RestrictPublicBuckets></PublicAccessBlockConfiguration>
   rpc.method=GetPublicAccessBlock http.response.header.server=AmazonS3 http.response.header.x_amz_id_2="RXzt/Om+Aq0mB4eqajZbETeFzyDMsv/sKrsUwUAT+boeS/0dw+gV0Grmxegyjfcw9wTBcJTQ1RgBc5lHOtrPSQ==" rpc.service=S3 tf_aws.sdk=aws-sdk-go-v2 tf_aws.signing_region="" tf_mux_provider="*schema.GRPCProviderServer" tf_provider_addr=registry.terraform.io/hashicorp/aws tf_req_id=b6f38d40-d8f3-8280-10b8-203f23d6b70d @module=aws aws.region=us-east-2 http.response.header.date="Sun, 12 Oct 2025 04:55:26 GMT" timestamp=2025-10-11T22:55:25.283-0600
2025-10-11T22:55:25.450-0600 [DEBUG] provider.terraform-provider-aws_v5.100.0_x5.exe: HTTP Response Received: http.response.header.x_amz_id_2=ZqnbGGAa4MqKuXxvOc8zTbSi4k5rUGiXaa2EEF3nARM04ObPZxf4ZJV8CiD3XXINBLNzlLC5PH5fU9TOoj9zNg== http.response.header.x_amz_request_id=BJJBHSHVASF5141Z rpc.system=aws-api tf_aws.sdk=aws-sdk-go-v2 tf_aws.signing_region="" @module=aws http.response.header.date="Sun, 12 Oct 2025 04:55:26 GMT" http.response.header.server=AmazonS3 http.response_content_length=193 http.status_code=200 rpc.method=GetBucketOwnershipControls tf_req_id=5fd9263c-ee84-4804-6a99-a1ddf3205203 http.duration=224 rpc.service=S3 tf_mux_provider="*schema.GRPCProviderServer" tf_rpc=ReadResource aws.region=us-east-2
  http.response.body=
  | <?xml version="1.0" encoding="UTF-8"?>
  | <OwnershipControls xmlns="http://s3.amazonaws.com/doc/2006-03-01/"><Rule><ObjectOwnership>BucketOwnerEnforced</ObjectOwnership></Rule></OwnershipControls>
   tf_provider_addr=registry.terraform.io/hashicorp/aws tf_resource_type=aws_s3_bucket_ownership_controls @caller=github.com/hashicorp/aws-sdk-go-base/v2@v2.0.0-beta.65/logging/tf_logger.go:45 timestamp=2025-10-11T22:55:25.449-0600
2025-10-11T22:55:25.494-0600 [DEBUG] provider.terraform-provider-aws_v5.100.0_x5.exe: HTTP Response Received: @caller=github.com/hashicorp/aws-sdk-go-base/v2@v2.0.0-beta.65/logging/tf_logger.go:45 @module=aws http.duration=264
  http.response.body=
  | <?xml version="1.0" encoding="UTF-8"?>
  | <ServerSideEncryptionConfiguration xmlns="http://s3.amazonaws.com/doc/2006-03-01/"><Rule><BucketKeyEnabled>false</BucketKeyEnabled><ApplyServerSideEncryptionByDefault><SSEAlgorithm>AES256</SSEAlgorithm></ApplyServerSideEncryptionByDefault></Rule></ServerSideEncryptionConfiguration>
   http.response.header.x_amz_id_2="69JswZLHTO55uaLzml1ObVFjaLj6m41xBTP7lJP6jSwwV02wO/dnqbrwSU7XQnlm1caV6S4lQ1C9mXDyaSgWuoBrt1fK/FT+OfmOcugBciA=" tf_aws.signing_region="" http.status_code=200 rpc.method=GetBucketEncryption rpc.service=S3 rpc.system=aws-api tf_aws.sdk=aws-sdk-go-v2 http.response.header.date="Sun, 12 Oct 2025 04:55:27 GMT" tf_provider_addr=registry.terraform.io/hashicorp/aws tf_req_id=8a80e8be-5915-4d9d-dd4f-3c14768c8d00 tf_resource_type=aws_s3_bucket_server_side_encryption_configuration tf_rpc=ReadResource aws.region=us-east-2 http.response.header.server=AmazonS3 http.response.header.x_amz_request_id=J76GMTEFDMJXVCEP tf_mux_provider="*schema.GRPCProviderServer" timestamp=2025-10-11T22:55:25.493-0600
2025-10-11T22:55:25.505-0600 [WARN]  Provider "registry.terraform.io/hashicorp/aws" produced an invalid plan for aws_s3_bucket_server_side_encryption_configuration.state, but we are tolerating it because it is using the legacy plugin SDK.
    The following problems may be the cause of any confusing errors from downstream operations:
      - .expected_bucket_owner: planned value cty.StringVal("") for a non-computed attribute
2025-10-11T22:55:25.522-0600 [DEBUG] provider.terraform-provider-aws_v5.100.0_x5.exe: HTTP Response Received: @caller=github.com/hashicorp/aws-sdk-go-base/v2@v2.0.0-beta.65/logging/tf_logger.go:45 @module=aws aws.region=us-east-2 http.response.header.x_amz_request_id=J76QAA0Y9T46AQ46 http.response.header.x_amz_transition_default_minimum_object_size=all_storage_classes_128K tf_aws.signing_region="" tf_mux_provider="*proto5server.Server" tf_provider_addr=registry.terraform.io/hashicorp/aws http.response.header.date="Sun, 12 Oct 2025 04:55:27 GMT" http.response.header.server=AmazonS3 http.status_code=200 tf_aws.sdk=aws-sdk-go-v2 tf_req_id=d4812edb-5ad0-0b27-8519-935292a66fde http.response_content_length=336
  http.response.body=
  | <?xml version="1.0" encoding="UTF-8"?>
  | <LifecycleConfiguration xmlns="http://s3.amazonaws.com/doc/2006-03-01/"><Rule><ID>expire-noncurrent-versions</ID><Filter><Prefix></Prefix></Filter><Status>Enabled</Status><NoncurrentVersionExpiration><NoncurrentDays>90</NoncurrentDays></NoncurrentVersionExpiration></Rule></LifecycleConfiguration>
   rpc.method=GetBucketLifecycleConfiguration rpc.service=S3 rpc.system=aws-api tf_rpc=ReadResource http.duration=278 http.response.header.x_amz_id_2="fO8OeegsZhjbywT3qmsZsNBafn7sL71GcTmTJbunvQX+qNUf/ZgePyAfcKTSdrzs+2sdMOjifzSu87g4H0h16cOCKthP7yHvMfXzdgO2kKM=" tf_resource_type=aws_s3_bucket_lifecycle_configuration timestamp=2025-10-11T22:55:25.521-0600
2025-10-11T22:55:26.025-0600 [DEBUG] provider.terraform-provider-aws_v5.100.0_x5.exe: HTTP Request Sent: tf_aws.signing_region="" tf_req_id=d4812edb-5ad0-0b27-8519-935292a66fde tf_rpc=ReadResource @caller=github.com/hashicorp/aws-sdk-go-base/v2@v2.0.0-beta.65/logging/tf_logger.go:45 aws.region=us-east-2 http.method=GET http.request.body="" http.request.header.amz_sdk_request="attempt=1; max=25" http.request.header.authorization="AWS4-HMAC-SHA256 Credential=AKIA************3APN/20251012/us-east-2/s3/aws4_request, SignedHeaders=accept-encoding;amz-sdk-invocation-id;amz-sdk-request;host;x-amz-content-sha256;x-amz-date, Signature=*****" http.request.header.x_amz_content_sha256=e3b0c44298fc1c149afbf4c8996fb92427ae41e4649b934ca495991b7852b855 http.url=https://infra-chide.s3.us-east-2.amazonaws.com/?lifecycle= http.request.header.accept_encoding=identity http.user_agent="APN/1.0 HashiCorp/1.0 Terraform/1.12.0 (+https://www.terraform.io) terraform-provider-aws/5.100.0 (+https://registry.terraform.io/providers/hashicorp/aws) aws-sdk-go-v2/1.36.3 ua/2.1 os/windows lang/go#1.23.10 md/GOOS#windows md/GOARCH#386 api/s3#1.80.1 m/n" net.peer.name=infra-chide.s3.us-east-2.amazonaws.com tf_mux_provider="*proto5server.Server" tf_provider_addr=registry.terraform.io/hashicorp/aws tf_resource_type=aws_s3_bucket_lifecycle_configuration @module=aws http.request.header.amz_sdk_invocation_id=11eda3e1-e34f-48da-bc1c-fb735d5fd52c http.request.header.x_amz_date=20251012T045526Z rpc.method=GetBucketLifecycleConfiguration rpc.service=S3 rpc.system=aws-api tf_aws.sdk=aws-sdk-go-v2 timestamp=2025-10-11T22:55:26.024-0600
2025-10-11T22:55:26.095-0600 [DEBUG] provider.terraform-provider-aws_v5.100.0_x5.exe: HTTP Response Received: http.response.header.x_amz_transition_default_minimum_object_size=all_storage_classes_128K http.status_code=200 http.response.header.x_amz_request_id=J76S6BSBY6HM6QBY http.response.header.server=AmazonS3 http.response.header.x_amz_id_2="fryZC8Y3cCduXbLvEgkPLMXHMkMcmzZZzVJ5tCNiMM+moFbIxP76IOQbxZ86AqPeFunI8wE4xgQ+Ztbvl2Kt8VDf+BepG91972CVRwwRdDc=" rpc.service=S3 tf_aws.signing_region="" tf_mux_provider="*proto5server.Server" tf_rpc=ReadResource
  http.response.body=
  | <?xml version="1.0" encoding="UTF-8"?>
  | <LifecycleConfiguration xmlns="http://s3.amazonaws.com/doc/2006-03-01/"><Rule><ID>expire-noncurrent-versions</ID><Filter><Prefix></Prefix></Filter><Status>Enabled</Status><NoncurrentVersionExpiration><NoncurrentDays>90</NoncurrentDays></NoncurrentVersionExpiration></Rule></LifecycleConfiguration>
   http.response_content_length=336 rpc.method=GetBucketLifecycleConfiguration tf_aws.sdk=aws-sdk-go-v2 tf_provider_addr=registry.terraform.io/hashicorp/aws @caller=github.com/hashicorp/aws-sdk-go-base/v2@v2.0.0-beta.65/logging/tf_logger.go:45 @module=aws http.duration=69 http.response.header.date="Sun, 12 Oct 2025 04:55:27 GMT" rpc.system=aws-api tf_req_id=d4812edb-5ad0-0b27-8519-935292a66fde tf_resource_type=aws_s3_bucket_lifecycle_configuration aws.region=us-east-2 timestamp=2025-10-11T22:55:26.094-0600
2025-10-11T22:55:26.109-0600 [DEBUG] provider.terraform-provider-aws_v5.100.0_x5.exe: Value switched to prior value due to semantic equality logic: tf_rpc=ReadResource @caller=github.com/hashicorp/terraform-plugin-framework@v1.14.1/internal/fwschemadata/value_semantic_equality.go:91 tf_mux_provider="*proto5server.Server" tf_req_id=d4812edb-5ad0-0b27-8519-935292a66fde tf_resource_type=aws_s3_bucket_lifecycle_configuration @module=sdk.framework tf_attribute_path=transition_default_minimum_object_size tf_provider_addr=registry.terraform.io/hashicorp/aws timestamp=2025-10-11T22:55:26.108-0600
2025-10-11T22:55:26.109-0600 [DEBUG] provider.terraform-provider-aws_v5.100.0_x5.exe: Value switched to prior value due to semantic equality logic: @module=sdk.framework tf_attribute_path=bucket tf_mux_provider="*proto5server.Server" tf_req_id=d4812edb-5ad0-0b27-8519-935292a66fde tf_provider_addr=registry.terraform.io/hashicorp/aws tf_resource_type=aws_s3_bucket_lifecycle_configuration tf_rpc=ReadResource @caller=github.com/hashicorp/terraform-plugin-framework@v1.14.1/internal/fwschemadata/value_semantic_equality.go:91 timestamp=2025-10-11T22:55:26.108-0600
2025-10-11T22:55:26.109-0600 [DEBUG] provider.terraform-provider-aws_v5.100.0_x5.exe: Value switched to prior value due to semantic equality logic: tf_provider_addr=registry.terraform.io/hashicorp/aws tf_req_id=d4812edb-5ad0-0b27-8519-935292a66fde @caller=github.com/hashicorp/terraform-plugin-framework@v1.14.1/internal/fwschemadata/value_semantic_equality.go:91 @module=sdk.framework tf_mux_provider="*proto5server.Server" tf_resource_type=aws_s3_bucket_lifecycle_configuration tf_rpc=ReadResource tf_attribute_path=expected_bucket_owner timestamp=2025-10-11T22:55:26.109-0600
2025-10-11T22:55:26.109-0600 [DEBUG] provider.terraform-provider-aws_v5.100.0_x5.exe: Value switched to prior value due to semantic equality logic: tf_req_id=d4812edb-5ad0-0b27-8519-935292a66fde tf_rpc=ReadResource @module=sdk.framework tf_attribute_path=id tf_mux_provider="*proto5server.Server" tf_provider_addr=registry.terraform.io/hashicorp/aws tf_resource_type=aws_s3_bucket_lifecycle_configuration @caller=github.com/hashicorp/terraform-plugin-framework@v1.14.1/internal/fwschemadata/value_semantic_equality.go:91 timestamp=2025-10-11T22:55:26.109-0600
2025-10-11T22:55:26.113-0600 [DEBUG] provider.terraform-provider-aws_v5.100.0_x5.exe: Value switched to prior value due to semantic equality logic: tf_attribute_path=rule[0].prefix tf_provider_addr=registry.terraform.io/hashicorp/aws tf_resource_type=aws_s3_bucket_lifecycle_configuration tf_rpc=ReadResource @caller=github.com/hashicorp/terraform-plugin-framework@v1.14.1/internal/fwschemadata/value_semantic_equality.go:91 @module=sdk.framework tf_mux_provider="*proto5server.Server" tf_req_id=d4812edb-5ad0-0b27-8519-935292a66fde timestamp=2025-10-11T22:55:26.113-0600
2025-10-11T22:55:26.113-0600 [DEBUG] provider.terraform-provider-aws_v5.100.0_x5.exe: Value switched to prior value due to semantic equality logic: @caller=github.com/hashicorp/terraform-plugin-framework@v1.14.1/internal/fwschemadata/value_semantic_equality.go:91 @module=sdk.framework tf_mux_provider="*proto5server.Server" tf_rpc=ReadResource tf_attribute_path=rule[0].id tf_provider_addr=registry.terraform.io/hashicorp/aws tf_req_id=d4812edb-5ad0-0b27-8519-935292a66fde tf_resource_type=aws_s3_bucket_lifecycle_configuration timestamp=2025-10-11T22:55:26.113-0600
2025-10-11T22:55:26.113-0600 [DEBUG] provider.terraform-provider-aws_v5.100.0_x5.exe: Value switched to prior value due to semantic equality logic: @module=sdk.framework tf_mux_provider="*proto5server.Server" tf_attribute_path=rule[0].noncurrent_version_expiration[0].noncurrent_days tf_provider_addr=registry.terraform.io/hashicorp/aws tf_req_id=d4812edb-5ad0-0b27-8519-935292a66fde tf_resource_type=aws_s3_bucket_lifecycle_configuration tf_rpc=ReadResource @caller=github.com/hashicorp/terraform-plugin-framework@v1.14.1/internal/fwschemadata/value_semantic_equality.go:91 timestamp=2025-10-11T22:55:26.113-0600
2025-10-11T22:55:26.113-0600 [DEBUG] provider.terraform-provider-aws_v5.100.0_x5.exe: Value switched to prior value due to semantic equality logic: tf_attribute_path=rule[0].noncurrent_version_expiration[0] tf_provider_addr=registry.terraform.io/hashicorp/aws tf_req_id=d4812edb-5ad0-0b27-8519-935292a66fde tf_resource_type=aws_s3_bucket_lifecycle_configuration @module=sdk.framework tf_mux_provider="*proto5server.Server" tf_rpc=ReadResource @caller=github.com/hashicorp/terraform-plugin-framework@v1.14.1/internal/fwschemadata/value_semantic_equality.go:91 timestamp=2025-10-11T22:55:26.113-0600
2025-10-11T22:55:26.114-0600 [DEBUG] provider.terraform-provider-aws_v5.100.0_x5.exe: Value switched to prior value due to semantic equality logic: @caller=github.com/hashicorp/terraform-plugin-framework@v1.14.1/internal/fwschemadata/value_semantic_equality.go:91 tf_provider_addr=registry.terraform.io/hashicorp/aws tf_rpc=ReadResource @module=sdk.framework tf_attribute_path=rule[0].noncurrent_version_expiration tf_mux_provider="*proto5server.Server" tf_req_id=d4812edb-5ad0-0b27-8519-935292a66fde tf_resource_type=aws_s3_bucket_lifecycle_configuration timestamp=2025-10-11T22:55:26.113-0600
2025-10-11T22:55:26.114-0600 [DEBUG] provider.terraform-provider-aws_v5.100.0_x5.exe: Value switched to prior value due to semantic equality logic: @module=sdk.framework tf_attribute_path=rule[0].status tf_mux_provider="*proto5server.Server" @caller=github.com/hashicorp/terraform-plugin-framework@v1.14.1/internal/fwschemadata/value_semantic_equality.go:91 tf_provider_addr=registry.terraform.io/hashicorp/aws tf_req_id=d4812edb-5ad0-0b27-8519-935292a66fde tf_resource_type=aws_s3_bucket_lifecycle_configuration tf_rpc=ReadResource timestamp=2025-10-11T22:55:26.113-0600
2025-10-11T22:55:26.115-0600 [DEBUG] provider.terraform-provider-aws_v5.100.0_x5.exe: Value switched to prior value due to semantic equality logic: @module=sdk.framework tf_resource_type=aws_s3_bucket_lifecycle_configuration @caller=github.com/hashicorp/terraform-plugin-framework@v1.14.1/internal/fwschemadata/value_semantic_equality.go:91 tf_attribute_path=rule[0].filter[0].prefix tf_mux_provider="*proto5server.Server" tf_provider_addr=registry.terraform.io/hashicorp/aws tf_req_id=d4812edb-5ad0-0b27-8519-935292a66fde tf_rpc=ReadResource timestamp=2025-10-11T22:55:26.115-0600
2025-10-11T22:55:26.115-0600 [DEBUG] provider.terraform-provider-aws_v5.100.0_x5.exe: Value switched to prior value due to semantic equality logic: @caller=github.com/hashicorp/terraform-plugin-framework@v1.14.1/internal/fwschemadata/value_semantic_equality.go:91 tf_mux_provider="*proto5server.Server" tf_req_id=d4812edb-5ad0-0b27-8519-935292a66fde tf_resource_type=aws_s3_bucket_lifecycle_configuration tf_rpc=ReadResource @module=sdk.framework tf_attribute_path=rule[0].filter[0] tf_provider_addr=registry.terraform.io/hashicorp/aws timestamp=2025-10-11T22:55:26.115-0600
2025-10-11T22:55:26.115-0600 [DEBUG] provider.terraform-provider-aws_v5.100.0_x5.exe: Value switched to prior value due to semantic equality logic: @caller=github.com/hashicorp/terraform-plugin-framework@v1.14.1/internal/fwschemadata/value_semantic_equality.go:91 @module=sdk.framework tf_req_id=d4812edb-5ad0-0b27-8519-935292a66fde tf_resource_type=aws_s3_bucket_lifecycle_configuration tf_rpc=ReadResource tf_attribute_path=rule[0].filter tf_mux_provider="*proto5server.Server" tf_provider_addr=registry.terraform.io/hashicorp/aws timestamp=2025-10-11T22:55:26.115-0600
2025-10-11T22:55:26.115-0600 [DEBUG] provider.terraform-provider-aws_v5.100.0_x5.exe: Value switched to prior value due to semantic equality logic: tf_req_id=d4812edb-5ad0-0b27-8519-935292a66fde @caller=github.com/hashicorp/terraform-plugin-framework@v1.14.1/internal/fwschemadata/value_semantic_equality.go:91 tf_attribute_path=rule[0] tf_mux_provider="*proto5server.Server" tf_resource_type=aws_s3_bucket_lifecycle_configuration tf_rpc=ReadResource @module=sdk.framework tf_provider_addr=registry.terraform.io/hashicorp/aws timestamp=2025-10-11T22:55:26.115-0600
2025-10-11T22:55:26.115-0600 [DEBUG] provider.terraform-provider-aws_v5.100.0_x5.exe: Value switched to prior value due to semantic equality logic: tf_resource_type=aws_s3_bucket_lifecycle_configuration tf_attribute_path=rule tf_mux_provider="*proto5server.Server" tf_rpc=ReadResource @caller=github.com/hashicorp/terraform-plugin-framework@v1.14.1/internal/fwschemadata/value_semantic_equality.go:91 @module=sdk.framework tf_provider_addr=registry.terraform.io/hashicorp/aws tf_req_id=d4812edb-5ad0-0b27-8519-935292a66fde timestamp=2025-10-11T22:55:26.115-0600
2025-10-11T22:55:26.228-0600 [DEBUG] provider.terraform-provider-aws_v5.100.0_x5.exe: HTTP Request Sent: http.request.header.accept_encoding=identity http.request.header.x_amz_date=20251012T045526Z tf_aws.sdk=aws-sdk-go-v2 tf_aws.signing_region="" @caller=github.com/hashicorp/aws-sdk-go-base/v2@v2.0.0-beta.65/logging/tf_logger.go:45 http.request.body="" http.request.header.authorization="AWS4-HMAC-SHA256 Credential=AKIA************3APN/20251012/us-east-2/s3/aws4_request, SignedHeaders=accept-encoding;amz-sdk-invocation-id;amz-sdk-request;host;x-amz-content-sha256;x-amz-date, Signature=*****" http.url=https://infra-chide.s3.us-east-2.amazonaws.com/?versioning= http.user_agent="APN/1.0 HashiCorp/1.0 Terraform/1.12.0 (+https://www.terraform.io) terraform-provider-aws/5.100.0 (+https://registry.terraform.io/providers/hashicorp/aws) aws-sdk-go-v2/1.36.3 ua/2.1 os/windows lang/go#1.23.10 md/GOOS#windows md/GOARCH#386 api/s3#1.80.1 m/n" rpc.service=S3 tf_mux_provider="*schema.GRPCProviderServer" http.request.header.amz_sdk_request="attempt=1; max=25" http.request.header.x_amz_content_sha256=e3b0c44298fc1c149afbf4c8996fb92427ae41e4649b934ca495991b7852b855 rpc.system=aws-api tf_provider_addr=registry.terraform.io/hashicorp/aws tf_req_id=40d4c973-2a77-eaf2-461e-3934866b127a http.request.header.amz_sdk_invocation_id=180e67ea-8226-485f-997b-e9b5f170964f net.peer.name=infra-chide.s3.us-east-2.amazonaws.com rpc.method=GetBucketVersioning tf_resource_type=aws_s3_bucket_versioning tf_rpc=ReadResource @module=aws aws.region=us-east-2 http.method=GET timestamp=2025-10-11T22:55:26.226-0600
2025-10-11T22:55:26.400-0600 [DEBUG] provider.terraform-provider-aws_v5.100.0_x5.exe: HTTP Response Received: http.response.header.x_amz_request_id=J76Z9E3GEPPAHSHD aws.region=us-east-2 http.response.header.x_amz_id_2="bvHfMckQiVImBGU/nF8zclGcSm4EyYTEkxv+r9oWHZHvqF8mFShwumTXCxq7bG0fvxOU9HXbqhzM7Ltfrr6ZeXRD9/7X2QphNuGfkyglqS4=" rpc.method=GetBucketVersioning tf_mux_provider="*schema.GRPCProviderServer" tf_rpc=ReadResource
  http.response.body=
  | <?xml version="1.0" encoding="UTF-8"?>
  | <VersioningConfiguration xmlns="http://s3.amazonaws.com/doc/2006-03-01/"><Status>Enabled</Status></VersioningConfiguration>
   http.status_code=200 rpc.service=S3 tf_aws.sdk=aws-sdk-go-v2 tf_provider_addr=registry.terraform.io/hashicorp/aws http.response.header.date="Sun, 12 Oct 2025 04:55:27 GMT" http.response.header.server=AmazonS3 rpc.system=aws-api tf_aws.signing_region="" tf_req_id=40d4c973-2a77-eaf2-461e-3934866b127a tf_resource_type=aws_s3_bucket_versioning @caller=github.com/hashicorp/aws-sdk-go-base/v2@v2.0.0-beta.65/logging/tf_logger.go:45 @module=aws http.duration=173 timestamp=2025-10-11T22:55:26.399-0600
2025-10-11T22:55:26.503-0600 [DEBUG] provider.terraform-provider-aws_v5.100.0_x5.exe: HTTP Request Sent: http.request.header.amz_sdk_invocation_id=3eeee397-9b1b-49ac-8f39-b1497703f3a5 http.user_agent="APN/1.0 HashiCorp/1.0 Terraform/1.12.0 (+https://www.terraform.io) terraform-provider-aws/5.100.0 (+https://registry.terraform.io/providers/hashicorp/aws) aws-sdk-go-v2/1.36.3 ua/2.1 os/windows lang/go#1.23.10 md/GOOS#windows md/GOARCH#386 api/s3#1.80.1 m/n" tf_mux_provider="*schema.GRPCProviderServer" tf_rpc=ReadResource @caller=github.com/hashicorp/aws-sdk-go-base/v2@v2.0.0-beta.65/logging/tf_logger.go:45 @module=aws http.request.header.authorization="AWS4-HMAC-SHA256 Credential=AKIA************3APN/20251012/us-east-2/s3/aws4_request, SignedHeaders=accept-encoding;amz-sdk-invocation-id;amz-sdk-request;host;x-amz-content-sha256;x-amz-date, Signature=*****" http.request.header.x_amz_date=20251012T045526Z http.url=https://infra-chide.s3.us-east-2.amazonaws.com/?versioning= rpc.method=GetBucketVersioning tf_aws.signing_region="" tf_req_id=40d4c973-2a77-eaf2-461e-3934866b127a aws.region=us-east-2 http.method=GET http.request.body="" http.request.header.x_amz_content_sha256=e3b0c44298fc1c149afbf4c8996fb92427ae41e4649b934ca495991b7852b855 net.peer.name=infra-chide.s3.us-east-2.amazonaws.com rpc.system=aws-api tf_aws.sdk=aws-sdk-go-v2 tf_provider_addr=registry.terraform.io/hashicorp/aws http.request.header.accept_encoding=identity http.request.header.amz_sdk_request="attempt=1; max=25" rpc.service=S3 tf_resource_type=aws_s3_bucket_versioning timestamp=2025-10-11T22:55:26.502-0600
2025-10-11T22:55:26.600-0600 [DEBUG] provider.terraform-provider-aws_v5.100.0_x5.exe: HTTP Response Received: http.duration=95 http.response.header.server=AmazonS3 http.response.header.x_amz_id_2="6CeBlVGyk2SJ+mHmCLDtZgBHq5Mri7vtbj5mhYS+EAHw5oQuLan/D+8vcNoLqCMvFE5vEmRRMgQZdZO1bh1Tu5DhX5v39nEht+CVe1yO5o4=" http.response.header.x_amz_request_id=CWWY1BB9NA0PCD6W tf_rpc=ReadResource @module=aws aws.region=us-east-2 http.response.header.date="Sun, 12 Oct 2025 04:55:28 GMT" rpc.method=GetBucketVersioning rpc.service=S3 tf_mux_provider="*schema.GRPCProviderServer" tf_provider_addr=registry.terraform.io/hashicorp/aws tf_resource_type=aws_s3_bucket_versioning
  http.response.body=
  | <?xml version="1.0" encoding="UTF-8"?>
  | <VersioningConfiguration xmlns="http://s3.amazonaws.com/doc/2006-03-01/"><Status>Enabled</Status></VersioningConfiguration>
   http.status_code=200 tf_aws.sdk=aws-sdk-go-v2 tf_req_id=40d4c973-2a77-eaf2-461e-3934866b127a rpc.system=aws-api tf_aws.signing_region="" @caller=github.com/hashicorp/aws-sdk-go-base/v2@v2.0.0-beta.65/logging/tf_logger.go:45 timestamp=2025-10-11T22:55:26.598-0600
2025-10-11T22:55:26.702-0600 [DEBUG] provider.terraform-provider-aws_v5.100.0_x5.exe: HTTP Request Sent: @module=aws http.request.header.amz_sdk_request="attempt=1; max=25" http.request.header.x_amz_date=20251012T045526Z http.url=https://infra-chide.s3.us-east-2.amazonaws.com/?versioning= net.peer.name=infra-chide.s3.us-east-2.amazonaws.com tf_aws.signing_region="" tf_provider_addr=registry.terraform.io/hashicorp/aws http.request.header.x_amz_content_sha256=e3b0c44298fc1c149afbf4c8996fb92427ae41e4649b934ca495991b7852b855 @caller=github.com/hashicorp/aws-sdk-go-base/v2@v2.0.0-beta.65/logging/tf_logger.go:45 aws.region=us-east-2 http.method=GET http.user_agent="APN/1.0 HashiCorp/1.0 Terraform/1.12.0 (+https://www.terraform.io) terraform-provider-aws/5.100.0 (+https://registry.terraform.io/providers/hashicorp/aws) aws-sdk-go-v2/1.36.3 ua/2.1 os/windows lang/go#1.23.10 md/GOOS#windows md/GOARCH#386 api/s3#1.80.1 m/n" rpc.method=GetBucketVersioning rpc.system=aws-api tf_req_id=40d4c973-2a77-eaf2-461e-3934866b127a tf_aws.sdk=aws-sdk-go-v2 tf_mux_provider="*schema.GRPCProviderServer" tf_resource_type=aws_s3_bucket_versioning tf_rpc=ReadResource http.request.header.authorization="AWS4-HMAC-SHA256 Credential=AKIA************3APN/20251012/us-east-2/s3/aws4_request, SignedHeaders=accept-encoding;amz-sdk-invocation-id;amz-sdk-request;host;x-amz-content-sha256;x-amz-date, Signature=*****" http.request.body="" http.request.header.accept_encoding=identity http.request.header.amz_sdk_invocation_id=a9429cff-c1de-4868-9581-499a75b1afff rpc.service=S3 timestamp=2025-10-11T22:55:26.702-0600
2025-10-11T22:55:26.973-0600 [DEBUG] provider.terraform-provider-aws_v5.100.0_x5.exe: HTTP Response Received: @caller=github.com/hashicorp/aws-sdk-go-base/v2@v2.0.0-beta.65/logging/tf_logger.go:45 http.response.header.date="Sun, 12 Oct 2025 04:55:28 GMT" http.response.header.server=AmazonS3 rpc.service=S3 tf_aws.sdk=aws-sdk-go-v2 tf_aws.signing_region="" tf_resource_type=aws_s3_bucket_versioning
  http.response.body=
  | <?xml version="1.0" encoding="UTF-8"?>
  | <VersioningConfiguration xmlns="http://s3.amazonaws.com/doc/2006-03-01/"><Status>Enabled</Status></VersioningConfiguration>
   http.response.header.x_amz_request_id=CWWJ1VR6K71VX74C tf_mux_provider="*schema.GRPCProviderServer" tf_provider_addr=registry.terraform.io/hashicorp/aws aws.region=us-east-2 http.duration=270 http.response.header.x_amz_id_2="OW6cPCEhq02jlEOZe/eYoEiOZAfaX1jikJM+IoCe3dHrobOQYTICh1Lxe0we0JCFjSehe6E3AANF9a+nagKLx/EMvzi17WzzR5RWlndv0/g=" http.status_code=200 rpc.system=aws-api tf_rpc=ReadResource @module=aws rpc.method=GetBucketVersioning tf_req_id=40d4c973-2a77-eaf2-461e-3934866b127a timestamp=2025-10-11T22:55:26.972-0600
2025-10-11T22:55:26.984-0600 [WARN]  Provider "registry.terraform.io/hashicorp/aws" produced an invalid plan for aws_s3_bucket_versioning.state, but we are tolerating it because it is using the legacy plugin SDK.
    The following problems may be the cause of any confusing errors from downstream operations:
      - .expected_bucket_owner: planned value cty.StringVal("") for a non-computed attribute
2025-10-11T22:55:26.989-0600 [DEBUG] provider.stdio: received EOF, stopping recv loop: err="rpc error: code = Unavailable desc = error reading from server: EOF"
2025-10-11T22:55:27.085-0600 [INFO]  provider: plugin process exited: plugin=.terraform/providers/registry.terraform.io/hashicorp/aws/5.100.0/windows_386/terraform-provider-aws_v5.100.0_x5.exe id=37136
2025-10-11T22:55:27.085-0600 [DEBUG] provider: plugin exited
2025-10-11T22:55:27.102-0600 [DEBUG] no planned changes, skipping apply graph check
2025-10-11T22:55:27.102-0600 [INFO]  backend/local: plan operation completed
2025-10-11T22:56:38.223-0600 [INFO]  Terraform version: 1.12.0
2025-10-11T22:56:38.226-0600 [DEBUG] using github.com/hashicorp/go-tfe v1.74.1
2025-10-11T22:56:38.226-0600 [DEBUG] using github.com/hashicorp/hcl/v2 v2.23.1-0.20250203194505-ba0759438da2
2025-10-11T22:56:38.226-0600 [DEBUG] using github.com/hashicorp/terraform-svchost v0.1.1
2025-10-11T22:56:38.226-0600 [DEBUG] using github.com/zclconf/go-cty v1.16.2
2025-10-11T22:56:38.226-0600 [INFO]  Go runtime version: go1.24.2
2025-10-11T22:56:38.226-0600 [INFO]  CLI args: []string{"C:\\Program Files\\Terraform\\terraform.exe", "apply", "--auto-approve"}
2025-10-11T22:56:38.235-0600 [DEBUG] Attempting to open CLI config file: C:\Users\miche\AppData\Roaming\terraform.rc
2025-10-11T22:56:38.235-0600 [DEBUG] File doesn't exist, but doesn't need to. Ignoring.
2025-10-11T22:56:38.236-0600 [DEBUG] ignoring non-existing provider search directory terraform.d/plugins
2025-10-11T22:56:38.237-0600 [DEBUG] ignoring non-existing provider search directory C:\Users\miche\AppData\Roaming\terraform.d\plugins
2025-10-11T22:56:38.240-0600 [DEBUG] ignoring non-existing provider search directory C:\Users\miche\AppData\Roaming\HashiCorp\Terraform\plugins
2025-10-11T22:56:38.240-0600 [INFO]  CLI command args: []string{"apply", "--auto-approve"}
2025-10-11T22:56:44.738-0600 [DEBUG] checking for provisioner in "."
2025-10-11T22:56:44.738-0600 [DEBUG] checking for provisioner in "C:\\Program Files\\Terraform"
2025-10-11T22:56:44.746-0600 [INFO]  backend/local: starting Apply operation
2025-10-11T22:56:44.755-0600 [DEBUG] created provider logger: level=debug
2025-10-11T22:56:44.755-0600 [INFO]  provider: configuring client automatic mTLS
2025-10-11T22:56:45.009-0600 [DEBUG] provider: starting plugin: path=.terraform/providers/registry.terraform.io/hashicorp/aws/5.100.0/windows_386/terraform-provider-aws_v5.100.0_x5.exe args=[".terraform/providers/registry.terraform.io/hashicorp/aws/5.100.0/windows_386/terraform-provider-aws_v5.100.0_x5.exe"]
2025-10-11T22:56:45.028-0600 [DEBUG] provider: plugin started: path=.terraform/providers/registry.terraform.io/hashicorp/aws/5.100.0/windows_386/terraform-provider-aws_v5.100.0_x5.exe pid=6480
2025-10-11T22:56:45.028-0600 [DEBUG] provider: waiting for RPC address: plugin=.terraform/providers/registry.terraform.io/hashicorp/aws/5.100.0/windows_386/terraform-provider-aws_v5.100.0_x5.exe
2025-10-11T22:56:45.435-0600 [DEBUG] provider.terraform-provider-aws_v5.100.0_x5.exe: Starting github.com/hashicorp/terraform-provider-aws@5.100.0 (go1.23.10)...
2025-10-11T22:56:45.436-0600 [DEBUG] provider.terraform-provider-aws_v5.100.0_x5.exe: Initializing Terraform AWS Provider...
2025-10-11T22:56:45.497-0600 [INFO]  provider.terraform-provider-aws_v5.100.0_x5.exe: configuring server automatic mTLS: timestamp=2025-10-11T22:56:45.492-0600
2025-10-11T22:56:45.648-0600 [DEBUG] provider.terraform-provider-aws_v5.100.0_x5.exe: plugin address: network=tcp address=127.0.0.1:10000 timestamp=2025-10-11T22:56:45.648-0600
2025-10-11T22:56:45.648-0600 [DEBUG] provider: using plugin: version=5
2025-10-11T22:56:48.633-0600 [DEBUG] provider.stdio: received EOF, stopping recv loop: err="rpc error: code = Unavailable desc = error reading from server: EOF"
2025-10-11T22:56:48.723-0600 [INFO]  provider: plugin process exited: plugin=.terraform/providers/registry.terraform.io/hashicorp/aws/5.100.0/windows_386/terraform-provider-aws_v5.100.0_x5.exe id=6480
2025-10-11T22:56:48.723-0600 [DEBUG] provider: plugin exited
2025-10-11T22:56:48.724-0600 [DEBUG] Building and walking validate graph
2025-10-11T22:56:48.726-0600 [DEBUG] ProviderTransformer: "aws_s3_bucket.state" (*terraform.NodeValidatableResource) needs provider["registry.terraform.io/hashicorp/aws"]
2025-10-11T22:56:48.726-0600 [DEBUG] ProviderTransformer: "aws_s3_bucket_lifecycle_configuration.state" (*terraform.NodeValidatableResource) needs provider["registry.terraform.io/hashicorp/aws"]
2025-10-11T22:56:48.726-0600 [DEBUG] ProviderTransformer: "aws_s3_bucket_ownership_controls.state" (*terraform.NodeValidatableResource) needs provider["registry.terraform.io/hashicorp/aws"]
2025-10-11T22:56:48.726-0600 [DEBUG] ProviderTransformer: "aws_s3_bucket_public_access_block.state" (*terraform.NodeValidatableResource) needs provider["registry.terraform.io/hashicorp/aws"]
2025-10-11T22:56:48.726-0600 [DEBUG] ProviderTransformer: "aws_s3_bucket_server_side_encryption_configuration.state" (*terraform.NodeValidatableResource) needs provider["registry.terraform.io/hashicorp/aws"]
2025-10-11T22:56:48.726-0600 [DEBUG] ProviderTransformer: "aws_dynamodb_table.locks" (*terraform.NodeValidatableResource) needs provider["registry.terraform.io/hashicorp/aws"]
2025-10-11T22:56:48.726-0600 [DEBUG] ProviderTransformer: "aws_s3_bucket_versioning.state" (*terraform.NodeValidatableResource) needs provider["registry.terraform.io/hashicorp/aws"]
2025-10-11T22:56:48.727-0600 [DEBUG] ReferenceTransformer: "aws_s3_bucket_public_access_block.state" references: [aws_s3_bucket.state]
2025-10-11T22:56:48.727-0600 [DEBUG] ReferenceTransformer: "aws_s3_bucket_server_side_encryption_configuration.state" references: [aws_s3_bucket.state var.kms_key_id var.kms_key_id local.sse_algorithm (expand)]
2025-10-11T22:56:48.728-0600 [DEBUG] ReferenceTransformer: "aws_dynamodb_table.locks" references: [var.tags var.dynamodb_table_name]
2025-10-11T22:56:48.728-0600 [DEBUG] ReferenceTransformer: "var.kms_key_id" references: []
2025-10-11T22:56:48.728-0600 [DEBUG] ReferenceTransformer: "var.bucket_name" references: []
2025-10-11T22:56:48.728-0600 [DEBUG] ReferenceTransformer: "provider[\"registry.terraform.io/hashicorp/aws\"]" references: [var.region]
2025-10-11T22:56:48.729-0600 [DEBUG] ReferenceTransformer: "aws_s3_bucket_versioning.state" references: [aws_s3_bucket.state var.enable_versioning]
2025-10-11T22:56:48.729-0600 [DEBUG] ReferenceTransformer: "var.force_destroy" references: []
2025-10-11T22:56:48.729-0600 [DEBUG] ReferenceTransformer: "aws_s3_bucket.state" references: [var.force_destroy var.bucket_name var.tags]
2025-10-11T22:56:48.730-0600 [DEBUG] ReferenceTransformer: "aws_s3_bucket_lifecycle_configuration.state" references: [aws_s3_bucket.state]
2025-10-11T22:56:48.730-0600 [DEBUG] ReferenceTransformer: "var.dynamodb_table_name" references: []
2025-10-11T22:56:48.730-0600 [DEBUG] ReferenceTransformer: "var.enable_versioning" references: []
2025-10-11T22:56:48.730-0600 [DEBUG] ReferenceTransformer: "aws_s3_bucket_ownership_controls.state" references: [aws_s3_bucket.state]
2025-10-11T22:56:48.730-0600 [DEBUG] ReferenceTransformer: "var.tags" references: []
2025-10-11T22:56:48.730-0600 [DEBUG] ReferenceTransformer: "var.region" references: []
2025-10-11T22:56:48.730-0600 [DEBUG] ReferenceTransformer: "local.sse_algorithm (expand)" references: [var.kms_key_id]
2025-10-11T22:56:48.733-0600 [DEBUG] Starting graph walk: walkValidate
2025-10-11T22:56:48.734-0600 [DEBUG] created provider logger: level=debug
2025-10-11T22:56:48.735-0600 [INFO]  provider: configuring client automatic mTLS
2025-10-11T22:56:48.895-0600 [DEBUG] provider: starting plugin: path=.terraform/providers/registry.terraform.io/hashicorp/aws/5.100.0/windows_386/terraform-provider-aws_v5.100.0_x5.exe args=[".terraform/providers/registry.terraform.io/hashicorp/aws/5.100.0/windows_386/terraform-provider-aws_v5.100.0_x5.exe"]
2025-10-11T22:56:48.905-0600 [DEBUG] provider: plugin started: path=.terraform/providers/registry.terraform.io/hashicorp/aws/5.100.0/windows_386/terraform-provider-aws_v5.100.0_x5.exe pid=37580
2025-10-11T22:56:48.909-0600 [DEBUG] provider: waiting for RPC address: plugin=.terraform/providers/registry.terraform.io/hashicorp/aws/5.100.0/windows_386/terraform-provider-aws_v5.100.0_x5.exe
2025-10-11T22:56:49.293-0600 [DEBUG] provider.terraform-provider-aws_v5.100.0_x5.exe: Starting github.com/hashicorp/terraform-provider-aws@5.100.0 (go1.23.10)...
2025-10-11T22:56:49.294-0600 [DEBUG] provider.terraform-provider-aws_v5.100.0_x5.exe: Initializing Terraform AWS Provider...
2025-10-11T22:56:49.409-0600 [INFO]  provider.terraform-provider-aws_v5.100.0_x5.exe: configuring server automatic mTLS: timestamp=2025-10-11T22:56:49.399-0600
2025-10-11T22:56:49.661-0600 [DEBUG] provider: using plugin: version=5
2025-10-11T22:56:49.661-0600 [DEBUG] provider.terraform-provider-aws_v5.100.0_x5.exe: plugin address: address=127.0.0.1:10000 network=tcp timestamp=2025-10-11T22:56:49.661-0600
2025-10-11T22:56:50.171-0600 [DEBUG] provider.stdio: received EOF, stopping recv loop: err="rpc error: code = Unavailable desc = error reading from server: EOF"
2025-10-11T22:56:50.239-0600 [INFO]  provider: plugin process exited: plugin=.terraform/providers/registry.terraform.io/hashicorp/aws/5.100.0/windows_386/terraform-provider-aws_v5.100.0_x5.exe id=37580
2025-10-11T22:56:50.239-0600 [DEBUG] provider: plugin exited
2025-10-11T22:56:50.240-0600 [INFO]  backend/local: apply calling Plan
2025-10-11T22:56:50.240-0600 [DEBUG] Building and walking plan graph for NormalMode
2025-10-11T22:56:50.242-0600 [DEBUG] ProviderTransformer: "aws_s3_bucket.state (expand)" (*terraform.nodeExpandPlannableResource) needs provider["registry.terraform.io/hashicorp/aws"]
2025-10-11T22:56:50.242-0600 [DEBUG] ProviderTransformer: "aws_s3_bucket_ownership_controls.state (expand)" (*terraform.nodeExpandPlannableResource) needs provider["registry.terraform.io/hashicorp/aws"]
2025-10-11T22:56:50.242-0600 [DEBUG] ProviderTransformer: "aws_s3_bucket_public_access_block.state (expand)" (*terraform.nodeExpandPlannableResource) needs provider["registry.terraform.io/hashicorp/aws"]
2025-10-11T22:56:50.242-0600 [DEBUG] ProviderTransformer: "aws_s3_bucket_versioning.state (expand)" (*terraform.nodeExpandPlannableResource) needs provider["registry.terraform.io/hashicorp/aws"]
2025-10-11T22:56:50.242-0600 [DEBUG] ProviderTransformer: "aws_s3_bucket_lifecycle_configuration.state (expand)" (*terraform.nodeExpandPlannableResource) needs provider["registry.terraform.io/hashicorp/aws"]
2025-10-11T22:56:50.242-0600 [DEBUG] ProviderTransformer: "aws_dynamodb_table.locks (expand)" (*terraform.nodeExpandPlannableResource) needs provider["registry.terraform.io/hashicorp/aws"]
2025-10-11T22:56:50.242-0600 [DEBUG] ProviderTransformer: "aws_s3_bucket_server_side_encryption_configuration.state (expand)" (*terraform.nodeExpandPlannableResource) needs provider["registry.terraform.io/hashicorp/aws"]
2025-10-11T22:56:50.242-0600 [DEBUG] ReferenceTransformer: "local.sse_algorithm (expand)" references: [var.kms_key_id]
2025-10-11T22:56:50.243-0600 [DEBUG] ReferenceTransformer: "aws_s3_bucket_ownership_controls.state (expand)" references: [aws_s3_bucket.state (expand)]
2025-10-11T22:56:50.243-0600 [DEBUG] ReferenceTransformer: "var.force_destroy" references: []
2025-10-11T22:56:50.243-0600 [DEBUG] ReferenceTransformer: "aws_s3_bucket_public_access_block.state (expand)" references: [aws_s3_bucket.state (expand)]
2025-10-11T22:56:50.243-0600 [DEBUG] ReferenceTransformer: "aws_s3_bucket_versioning.state (expand)" references: [aws_s3_bucket.state (expand) var.enable_versioning]
2025-10-11T22:56:50.243-0600 [DEBUG] ReferenceTransformer: "aws_s3_bucket_lifecycle_configuration.state (expand)" references: [aws_s3_bucket.state (expand)]
2025-10-11T22:56:50.243-0600 [DEBUG] ReferenceTransformer: "aws_dynamodb_table.locks (expand)" references: [var.tags var.dynamodb_table_name]
2025-10-11T22:56:50.243-0600 [DEBUG] ReferenceTransformer: "var.tags" references: []
2025-10-11T22:56:50.243-0600 [DEBUG] ReferenceTransformer: "var.region" references: []
2025-10-11T22:56:50.244-0600 [DEBUG] ReferenceTransformer: "provider[\"registry.terraform.io/hashicorp/aws\"]" references: [var.region]
2025-10-11T22:56:50.244-0600 [DEBUG] ReferenceTransformer: "aws_s3_bucket_server_side_encryption_configuration.state (expand)" references: [aws_s3_bucket.state (expand) var.kms_key_id var.kms_key_id local.sse_algorithm (expand)]
2025-10-11T22:56:50.244-0600 [DEBUG] ReferenceTransformer: "var.dynamodb_table_name" references: []
2025-10-11T22:56:50.244-0600 [DEBUG] ReferenceTransformer: "var.enable_versioning" references: []
2025-10-11T22:56:50.244-0600 [DEBUG] ReferenceTransformer: "aws_s3_bucket.state (expand)" references: [var.tags var.force_destroy var.bucket_name]
2025-10-11T22:56:50.244-0600 [DEBUG] ReferenceTransformer: "var.bucket_name" references: []
2025-10-11T22:56:50.244-0600 [DEBUG] ReferenceTransformer: "var.kms_key_id" references: []
2025-10-11T22:56:50.246-0600 [DEBUG] Starting graph walk: walkPlan
2025-10-11T22:56:50.247-0600 [DEBUG] created provider logger: level=debug
2025-10-11T22:56:50.247-0600 [INFO]  provider: configuring client automatic mTLS
2025-10-11T22:56:50.390-0600 [DEBUG] provider: starting plugin: path=.terraform/providers/registry.terraform.io/hashicorp/aws/5.100.0/windows_386/terraform-provider-aws_v5.100.0_x5.exe args=[".terraform/providers/registry.terraform.io/hashicorp/aws/5.100.0/windows_386/terraform-provider-aws_v5.100.0_x5.exe"]
2025-10-11T22:56:50.409-0600 [DEBUG] provider: plugin started: path=.terraform/providers/registry.terraform.io/hashicorp/aws/5.100.0/windows_386/terraform-provider-aws_v5.100.0_x5.exe pid=11176
2025-10-11T22:56:50.409-0600 [DEBUG] provider: waiting for RPC address: plugin=.terraform/providers/registry.terraform.io/hashicorp/aws/5.100.0/windows_386/terraform-provider-aws_v5.100.0_x5.exe
2025-10-11T22:56:50.930-0600 [DEBUG] provider.terraform-provider-aws_v5.100.0_x5.exe: Starting github.com/hashicorp/terraform-provider-aws@5.100.0 (go1.23.10)...
2025-10-11T22:56:50.930-0600 [DEBUG] provider.terraform-provider-aws_v5.100.0_x5.exe: Initializing Terraform AWS Provider...
2025-10-11T22:56:51.066-0600 [INFO]  provider.terraform-provider-aws_v5.100.0_x5.exe: configuring server automatic mTLS: timestamp=2025-10-11T22:56:51.064-0600
2025-10-11T22:56:51.350-0600 [DEBUG] provider: using plugin: version=5
2025-10-11T22:56:51.352-0600 [DEBUG] provider.terraform-provider-aws_v5.100.0_x5.exe: plugin address: address=127.0.0.1:10000 network=tcp timestamp=2025-10-11T22:56:51.350-0600
2025-10-11T22:56:51.666-0600 [DEBUG] provider.terraform-provider-aws_v5.100.0_x5.exe: Configuring Terraform AWS Provider: tf_provider_addr=registry.terraform.io/hashicorp/aws tf_rpc=ConfigureProvider tf_mux_provider="*schema.GRPCProviderServer" tf_req_id=3e0294b5-eb86-1d21-ce0f-1a5a801f8c14 @caller=github.com/hashicorp/terraform-provider-aws/internal/conns/config.go:144 @module=aws timestamp=2025-10-11T22:56:51.666-0600
2025-10-11T22:56:51.666-0600 [DEBUG] provider.terraform-provider-aws_v5.100.0_x5.exe: Resolving credentials provider: tf_req_id=3e0294b5-eb86-1d21-ce0f-1a5a801f8c14 tf_rpc=ConfigureProvider @module=aws.aws-base tf_provider_addr=registry.terraform.io/hashicorp/aws @caller=github.com/hashicorp/aws-sdk-go-base/v2@v2.0.0-beta.65/logging/tf_logger.go:47 tf_mux_provider="*schema.GRPCProviderServer" timestamp=2025-10-11T22:56:51.666-0600
2025-10-11T22:56:51.666-0600 [DEBUG] provider.terraform-provider-aws_v5.100.0_x5.exe: Using profile: tf_aws.profile.source=envvar tf_mux_provider="*schema.GRPCProviderServer" tf_provider_addr=registry.terraform.io/hashicorp/aws tf_rpc=ConfigureProvider @module=aws.aws-base tf_aws.profile=Chideraa tf_req_id=3e0294b5-eb86-1d21-ce0f-1a5a801f8c14 @caller=github.com/hashicorp/aws-sdk-go-base/v2@v2.0.0-beta.65/logging/tf_logger.go:47 timestamp=2025-10-11T22:56:51.666-0600
2025-10-11T22:56:51.667-0600 [DEBUG] provider.terraform-provider-aws_v5.100.0_x5.exe: Loading configuration: tf_provider_addr=registry.terraform.io/hashicorp/aws tf_req_id=3e0294b5-eb86-1d21-ce0f-1a5a801f8c14 tf_rpc=ConfigureProvider @caller=github.com/hashicorp/aws-sdk-go-base/v2@v2.0.0-beta.65/logging/tf_logger.go:47 @module=aws.aws-base tf_mux_provider="*schema.GRPCProviderServer" timestamp=2025-10-11T22:56:51.666-0600
2025-10-11T22:56:51.667-0600 [DEBUG] provider.terraform-provider-aws_v5.100.0_x5.exe: Retrieving credentials: @caller=github.com/hashicorp/aws-sdk-go-base/v2@v2.0.0-beta.65/logging/tf_logger.go:47 tf_provider_addr=registry.terraform.io/hashicorp/aws tf_req_id=3e0294b5-eb86-1d21-ce0f-1a5a801f8c14 tf_rpc=ConfigureProvider @module=aws.aws-base tf_mux_provider="*schema.GRPCProviderServer" timestamp=2025-10-11T22:56:51.667-0600
2025-10-11T22:56:51.667-0600 [INFO]  provider.terraform-provider-aws_v5.100.0_x5.exe: Retrieved credentials: tf_provider_addr=registry.terraform.io/hashicorp/aws tf_rpc=ConfigureProvider @caller=github.com/hashicorp/aws-sdk-go-base/v2@v2.0.0-beta.65/logging/tf_logger.go:39 tf_mux_provider="*schema.GRPCProviderServer" tf_req_id=3e0294b5-eb86-1d21-ce0f-1a5a801f8c14 @module=aws.aws-base tf_aws.credentials_source="SharedConfigCredentials: C:\Users\miche\.aws\credentials" timestamp=2025-10-11T22:56:51.667-0600
2025-10-11T22:56:51.667-0600 [DEBUG] provider.terraform-provider-aws_v5.100.0_x5.exe: Loading configuration: tf_rpc=ConfigureProvider @caller=github.com/hashicorp/aws-sdk-go-base/v2@v2.0.0-beta.65/logging/tf_logger.go:47 tf_req_id=3e0294b5-eb86-1d21-ce0f-1a5a801f8c14 @module=aws.aws-base tf_mux_provider="*schema.GRPCProviderServer" tf_provider_addr=registry.terraform.io/hashicorp/aws timestamp=2025-10-11T22:56:51.667-0600
2025-10-11T22:56:51.668-0600 [DEBUG] provider.terraform-provider-aws_v5.100.0_x5.exe: Creating AWS SDK v1 session: tf_req_id=3e0294b5-eb86-1d21-ce0f-1a5a801f8c14 tf_rpc=ConfigureProvider @caller=github.com/hashicorp/terraform-provider-aws/internal/conns/config.go:168 @module=aws tf_mux_provider="*schema.GRPCProviderServer" tf_provider_addr=registry.terraform.io/hashicorp/aws timestamp=2025-10-11T22:56:51.668-0600
2025-10-11T22:56:51.669-0600 [DEBUG] provider.terraform-provider-aws_v5.100.0_x5.exe: Retrieving AWS account details: tf_mux_provider="*schema.GRPCProviderServer" tf_provider_addr=registry.terraform.io/hashicorp/aws tf_req_id=3e0294b5-eb86-1d21-ce0f-1a5a801f8c14 tf_rpc=ConfigureProvider @caller=github.com/hashicorp/terraform-provider-aws/internal/conns/config.go:183 @module=aws timestamp=2025-10-11T22:56:51.669-0600
2025-10-11T22:56:51.669-0600 [DEBUG] provider.terraform-provider-aws_v5.100.0_x5.exe: Retrieving caller identity from STS: @caller=github.com/hashicorp/aws-sdk-go-base/v2@v2.0.0-beta.65/logging/tf_logger.go:47 tf_mux_provider="*schema.GRPCProviderServer" tf_rpc=ConfigureProvider @module=aws.aws-base tf_provider_addr=registry.terraform.io/hashicorp/aws tf_req_id=3e0294b5-eb86-1d21-ce0f-1a5a801f8c14 timestamp=2025-10-11T22:56:51.669-0600
2025-10-11T22:56:51.671-0600 [DEBUG] provider.terraform-provider-aws_v5.100.0_x5.exe: HTTP Request Sent: rpc.service=STS rpc.system=aws-api @caller=github.com/hashicorp/aws-sdk-go-base/v2@v2.0.0-beta.65/logging/tf_logger.go:47
  http.request.body=
  | Action=GetCallerIdentity&Version=2011-06-15
   http.request.header.amz_sdk_invocation_id=234699cd-e577-41bf-8f7b-e9e4936460b8 http.request.header.authorization="AWS4-HMAC-SHA256 Credential=AKIA************3APN/20251012/us-east-2/sts/aws4_request, SignedHeaders=amz-sdk-invocation-id;amz-sdk-request;content-length;content-type;host;x-amz-date, Signature=*****" http.user_agent="APN/1.0 HashiCorp/1.0 Terraform/1.12.0 (+https://www.terraform.io) terraform-provider-aws/5.100.0 (+https://registry.terraform.io/providers/hashicorp/aws) aws-sdk-go-v2/1.36.3 ua/2.1 os/windows lang/go#1.23.10 md/GOOS#windows md/GOARCH#386 api/sts#1.33.20 m/n" tf_aws.signing_region="" tf_mux_provider="*schema.GRPCProviderServer" http.request.header.x_amz_date=20251012T045651Z http.url=https://sts.us-east-2.amazonaws.com/ tf_aws.sdk=aws-sdk-go-v2 tf_provider_addr=registry.terraform.io/hashicorp/aws tf_req_id=3e0294b5-eb86-1d21-ce0f-1a5a801f8c14 http.method=POST http.request_content_length=43 tf_rpc=ConfigureProvider @module=aws.aws-base aws.region=us-east-2 http.request.header.amz_sdk_request="attempt=1; max=25" http.request.header.content_type=application/x-www-form-urlencoded net.peer.name=sts.us-east-2.amazonaws.com rpc.method=GetCallerIdentity timestamp=2025-10-11T22:56:51.671-0600
2025-10-11T22:56:53.573-0600 [DEBUG] provider.terraform-provider-aws_v5.100.0_x5.exe: HTTP Response Received: http.duration=1900
  http.response.body=
  | <GetCallerIdentityResponse xmlns="https://sts.amazonaws.com/doc/2011-06-15/">
  |   <GetCallerIdentityResult>
  |     <Arn>arn:aws:iam::147997123299:user/Chideraa</Arn>
  |     <UserId>AIDA*************ONEB</UserId>
  |     <Account>147997123299</Account>
  |   </GetCallerIdentityResult>
  |   <ResponseMetadata>
  |     <RequestId>ddfc3f42-75fe-49ec-8f6a-3f096a70f32d</RequestId>
  |   </ResponseMetadata>
  | </GetCallerIdentityResponse>
   http.response.header.content_type=text/xml http.status_code=200 rpc.service=STS http.response.header.date="Sun, 12 Oct 2025 04:56:53 GMT" http.response.header.x_amz_sts_extended_request_id=MTp1cy1lYXN0LTI6MTc2MDI0NTAxMzk1NjpSOmpkWDRUR2R6 http.response.header.x_amzn_requestid=ddfc3f42-75fe-49ec-8f6a-3f096a70f32d tf_aws.sdk=aws-sdk-go-v2 tf_provider_addr=registry.terraform.io/hashicorp/aws tf_rpc=ConfigureProvider rpc.method=GetCallerIdentity rpc.system=aws-api tf_aws.signing_region="" tf_mux_provider="*schema.GRPCProviderServer" tf_req_id=3e0294b5-eb86-1d21-ce0f-1a5a801f8c14 @caller=github.com/hashicorp/aws-sdk-go-base/v2@v2.0.0-beta.65/logging/tf_logger.go:47 @module=aws.aws-base aws.region=us-east-2 http.response_content_length=405 timestamp=2025-10-11T22:56:53.573-0600
2025-10-11T22:56:53.574-0600 [INFO]  provider.terraform-provider-aws_v5.100.0_x5.exe: Retrieved caller identity from STS: tf_req_id=3e0294b5-eb86-1d21-ce0f-1a5a801f8c14 @caller=github.com/hashicorp/aws-sdk-go-base/v2@v2.0.0-beta.65/logging/tf_logger.go:39 @module=aws.aws-base tf_mux_provider="*schema.GRPCProviderServer" tf_provider_addr=registry.terraform.io/hashicorp/aws tf_rpc=ConfigureProvider timestamp=2025-10-11T22:56:53.573-0600
2025-10-11T22:56:53.579-0600 [DEBUG] ReferenceTransformer: "aws_s3_bucket.state" references: []
2025-10-11T22:56:53.580-0600 [DEBUG] ReferenceTransformer: "aws_dynamodb_table.locks" references: []
2025-10-11T22:56:53.794-0600 [DEBUG] provider.terraform-provider-aws_v5.100.0_x5.exe: HTTP Request Sent: aws.region=us-east-2 http.request.header.x_amz_date=20251012T045653Z rpc.service=DynamoDB tf_rpc=ReadResource @module=aws @caller=github.com/hashicorp/aws-sdk-go-base/v2@v2.0.0-beta.65/logging/tf_logger.go:45 http.request.header.accept_encoding=identity tf_mux_provider="*schema.GRPCProviderServer" http.url=https://dynamodb.us-east-2.amazonaws.com/ http.request.header.authorization="AWS4-HMAC-SHA256 Credential=AKIA************3APN/20251012/us-east-2/dynamodb/aws4_request, SignedHeaders=accept-encoding;amz-sdk-invocation-id;amz-sdk-request;content-length;content-type;host;x-amz-date;x-amz-target, Signature=*****" http.request.header.content_type=application/x-amz-json-1.0 http.request_content_length=30 rpc.method=DescribeTable tf_resource_type=aws_dynamodb_table
  http.request.body=
  | {"TableName":"infra-chide_db"}
   http.user_agent="APN/1.0 HashiCorp/1.0 Terraform/1.12.0 (+https://www.terraform.io) terraform-provider-aws/5.100.0 (+https://registry.terraform.io/providers/hashicorp/aws) aws-sdk-go-v2/1.36.3 ua/2.1 os/windows lang/go#1.23.10 md/GOOS#windows md/GOARCH#386 api/dynamodb#1.43.2 m/P,n" rpc.system=aws-api tf_aws.sdk=aws-sdk-go-v2 tf_provider_addr=registry.terraform.io/hashicorp/aws db.system=dynamodb http.request.header.amz_sdk_invocation_id=2d6b0763-eb58-4387-b985-e1c1b30afb7e http.request.header.x_amz_target=DynamoDB_20120810.DescribeTable aws.dynamodb.table_names=[infra-chide_db] http.method=POST http.request.header.amz_sdk_request="attempt=1; max=25" net.peer.name=dynamodb.us-east-2.amazonaws.com tf_aws.signing_region="" tf_req_id=4d60407c-7b58-f1ff-fb6e-8e2f9f0be997 timestamp=2025-10-11T22:56:53.791-0600
2025-10-11T22:56:53.823-0600 [DEBUG] provider.terraform-provider-aws_v5.100.0_x5.exe: HTTP Request Sent: http.request.header.x_amz_date=20251012T045653Z rpc.method=HeadBucket rpc.service=S3 tf_aws.sdk=aws-sdk-go-v2 tf_aws.signing_region="" tf_provider_addr=registry.terraform.io/hashicorp/aws @module=aws aws.s3.bucket=infra-chide http.request.body="" http.user_agent="APN/1.0 HashiCorp/1.0 Terraform/1.12.0 (+https://www.terraform.io) terraform-provider-aws/5.100.0 (+https://registry.terraform.io/providers/hashicorp/aws) aws-sdk-go-v2/1.36.3 ua/2.1 os/windows lang/go#1.23.10 md/GOOS#windows md/GOARCH#386 api/s3#1.80.1 m/n" tf_mux_provider="*schema.GRPCProviderServer" http.method=HEAD http.request.header.accept_encoding=identity http.request.header.amz_sdk_invocation_id=0dd59f1a-b01a-465e-a55e-fef577c6c7f9 http.request.header.amz_sdk_request="attempt=1; max=25" rpc.system=aws-api tf_req_id=6e99a84e-b987-0012-c12e-2de441585745 tf_resource_type=aws_s3_bucket tf_rpc=ReadResource aws.region=us-east-2 http.request.header.x_amz_content_sha256=e3b0c44298fc1c149afbf4c8996fb92427ae41e4649b934ca495991b7852b855 http.url=https://infra-chide.s3.us-east-2.amazonaws.com/ net.peer.name=infra-chide.s3.us-east-2.amazonaws.com @caller=github.com/hashicorp/aws-sdk-go-base/v2@v2.0.0-beta.65/logging/tf_logger.go:45 http.request.header.authorization="AWS4-HMAC-SHA256 Credential=AKIA************3APN/20251012/us-east-2/s3/aws4_request, SignedHeaders=accept-encoding;amz-sdk-invocation-id;amz-sdk-request;host;x-amz-content-sha256;x-amz-date, Signature=*****" timestamp=2025-10-11T22:56:53.822-0600
2025-10-11T22:56:54.517-0600 [DEBUG] provider.terraform-provider-aws_v5.100.0_x5.exe: HTTP Response Received: tf_aws.sdk=aws-sdk-go-v2 tf_mux_provider="*schema.GRPCProviderServer" tf_provider_addr=registry.terraform.io/hashicorp/aws tf_req_id=6e99a84e-b987-0012-c12e-2de441585745 aws.region=us-east-2 http.response.header.content_type=application/xml http.response.header.date="Sun, 12 Oct 2025 04:56:55 GMT" http.response.header.x_amz_access_point_alias=false rpc.service=S3 rpc.system=aws-api tf_resource_type=aws_s3_bucket aws.s3.bucket=infra-chide http.response.header.x_amz_id_2=3lt8bd0111Mk8S9YawpIGzTNS4gDipXNuyK6LxlkHLGWoIwh3kodvgGNhAnulD1P0bCTvlfTkvqjrQyXAh4bXJ6UsItgryKnOBxDPga5aHo= http.status_code=200 rpc.method=HeadBucket http.response.body="" http.response.header.x_amz_bucket_region=us-east-2 http.response.header.x_amz_request_id=RHGX9XKSE0WNWE7M tf_aws.signing_region="" tf_rpc=ReadResource @caller=github.com/hashicorp/aws-sdk-go-base/v2@v2.0.0-beta.65/logging/tf_logger.go:45 @module=aws http.duration=693 http.response.header.server=AmazonS3 timestamp=2025-10-11T22:56:54.515-0600
2025-10-11T22:56:54.517-0600 [DEBUG] provider.terraform-provider-aws_v5.100.0_x5.exe: HTTP Response Received:
  http.response.body=
  | {"Table":{"AttributeDefinitions":[{"AttributeName":"LockID","AttributeType":"S"}],"BillingModeSummary":{"BillingMode":"PAY_PER_REQUEST","LastUpdateToPayPerRequestDateTime":1.760234119221E9},"CreationDateTime":1.760234119221E9,"DeletionProtectionEnabled":false,"ItemCount":0,"KeySchema":[{"AttributeName":"LockID","KeyType":"HASH"}],"ProvisionedThroughput":{"NumberOfDecreasesToday":0,"ReadCapacityUnits":0,"WriteCapacityUnits":0},"TableArn":"arn:aws:dynamodb:us-east-2:147997123299:table/infra-chide_db","TableId":"f7f6b455-054b-4461-b067-c914355ed2b3","TableName":"infra-chide_db","TableSizeBytes":0,"TableStatus":"ACTIVE","TableThroughputModeSummary":{"LastUpdateToPayPerRequestDateTime":1.760234119221E9,"TableThroughputMode":"PAY_PER_REQUEST"},"WarmThroughput":{"ReadUnitsPerSecond":12000,"Status":"ACTIVE","WriteUnitsPerSecond":4000}}}
   http.response.header.server=Server http.response.header.x_amz_crc32=2039261151 http.response.header.x_amzn_requestid=373JJ4M9NRV1GKGG45IL9P999NVV4KQNSO5AEMVJF66Q9ASUAAJG http.response_content_length=840 aws.region=us-east-2 rpc.system=aws-api tf_mux_provider="*schema.GRPCProviderServer" tf_req_id=4d60407c-7b58-f1ff-fb6e-8e2f9f0be997 tf_rpc=ReadResource aws.dynamodb.table_names=[infra-chide_db] http.duration=724 http.status_code=200 tf_aws.sdk=aws-sdk-go-v2 tf_resource_type=aws_dynamodb_table http.response.header.connection=keep-alive http.response.header.content_type=application/x-amz-json-1.0 http.response.header.date="Sun, 12 Oct 2025 04:56:54 GMT" rpc.method=DescribeTable rpc.service=DynamoDB tf_aws.signing_region="" tf_provider_addr=registry.terraform.io/hashicorp/aws @caller=github.com/hashicorp/aws-sdk-go-base/v2@v2.0.0-beta.65/logging/tf_logger.go:45 @module=aws db.system=dynamodb timestamp=2025-10-11T22:56:54.516-0600
2025-10-11T22:56:54.518-0600 [DEBUG] provider.terraform-provider-aws_v5.100.0_x5.exe: [DEBUG] Waiting for state to become: [success]
2025-10-11T22:56:54.520-0600 [DEBUG] provider.terraform-provider-aws_v5.100.0_x5.exe: HTTP Request Sent: http.request.header.x_amz_content_sha256=e3b0c44298fc1c149afbf4c8996fb92427ae41e4649b934ca495991b7852b855 http.request.header.amz_sdk_invocation_id=d2e9077a-341e-468a-aa62-caae67d5ba4a rpc.service=S3 tf_aws.sdk=aws-sdk-go-v2 tf_provider_addr=registry.terraform.io/hashicorp/aws http.method=GET http.request.header.x_amz_date=20251012T045654Z http.url=https://infra-chide.s3.us-east-2.amazonaws.com/?policy= tf_aws.signing_region="" tf_mux_provider="*schema.GRPCProviderServer" tf_resource_type=aws_s3_bucket @caller=github.com/hashicorp/aws-sdk-go-base/v2@v2.0.0-beta.65/logging/tf_logger.go:45 @module=aws http.request.body="" http.request.header.accept_encoding=identity http.user_agent="APN/1.0 HashiCorp/1.0 Terraform/1.12.0 (+https://www.terraform.io) terraform-provider-aws/5.100.0 (+https://registry.terraform.io/providers/hashicorp/aws) aws-sdk-go-v2/1.36.3 ua/2.1 os/windows lang/go#1.23.10 md/GOOS#windows md/GOARCH#386 api/s3#1.80.1 m/n" rpc.system=aws-api aws.region=us-east-2 net.peer.name=infra-chide.s3.us-east-2.amazonaws.com rpc.method=GetBucketPolicy tf_req_id=6e99a84e-b987-0012-c12e-2de441585745 tf_rpc=ReadResource http.request.header.amz_sdk_request="attempt=1; max=25" http.request.header.authorization="AWS4-HMAC-SHA256 Credential=AKIA************3APN/20251012/us-east-2/s3/aws4_request, SignedHeaders=accept-encoding;amz-sdk-invocation-id;amz-sdk-request;host;x-amz-content-sha256;x-amz-date, Signature=*****" timestamp=2025-10-11T22:56:54.519-0600
2025-10-11T22:56:54.522-0600 [DEBUG] provider.terraform-provider-aws_v5.100.0_x5.exe: HTTP Request Sent: db.system=dynamodb http.user_agent="APN/1.0 HashiCorp/1.0 Terraform/1.12.0 (+https://www.terraform.io) terraform-provider-aws/5.100.0 (+https://registry.terraform.io/providers/hashicorp/aws) aws-sdk-go-v2/1.36.3 ua/2.1 os/windows lang/go#1.23.10 md/GOOS#windows md/GOARCH#386 api/dynamodb#1.43.2 m/P,n" tf_mux_provider="*schema.GRPCProviderServer" tf_provider_addr=registry.terraform.io/hashicorp/aws tf_resource_type=aws_dynamodb_table http.request.header.amz_sdk_invocation_id=d587642f-79e1-4d95-9e2f-28ffd8b75cbe http.request.header.x_amz_target=DynamoDB_20120810.DescribeContinuousBackups aws.region=us-east-2 http.method=POST
  http.request.body=
  | {"TableName":"infra-chide_db"}
   http.request.header.authorization="AWS4-HMAC-SHA256 Credential=AKIA************3APN/20251012/us-east-2/dynamodb/aws4_request, SignedHeaders=accept-encoding;amz-sdk-invocation-id;amz-sdk-request;content-length;content-type;host;x-amz-date;x-amz-target, Signature=*****" http.request_content_length=30 tf_aws.sdk=aws-sdk-go-v2 http.request.header.accept_encoding=identity http.request.header.amz_sdk_request="attempt=1; max=25" http.url=https://dynamodb.us-east-2.amazonaws.com/ net.peer.name=dynamodb.us-east-2.amazonaws.com rpc.method=DescribeContinuousBackups tf_aws.signing_region="" tf_req_id=4d60407c-7b58-f1ff-fb6e-8e2f9f0be997 @module=aws rpc.system=aws-api tf_rpc=ReadResource @caller=github.com/hashicorp/aws-sdk-go-base/v2@v2.0.0-beta.65/logging/tf_logger.go:45 http.request.header.content_type=application/x-amz-json-1.0 http.request.header.x_amz_date=20251012T045654Z rpc.service=DynamoDB timestamp=2025-10-11T22:56:54.522-0600
2025-10-11T22:56:54.657-0600 [DEBUG] provider.terraform-provider-aws_v5.100.0_x5.exe: HTTP Response Received: tf_resource_type=aws_dynamodb_table tf_rpc=ReadResource aws.region=us-east-2 db.system=dynamodb http.response.header.server=Server rpc.system=aws-api tf_req_id=4d60407c-7b58-f1ff-fb6e-8e2f9f0be997 @caller=github.com/hashicorp/aws-sdk-go-base/v2@v2.0.0-beta.65/logging/tf_logger.go:45 http.duration=133
  http.response.body=
  | {"ContinuousBackupsDescription":{"ContinuousBackupsStatus":"ENABLED","PointInTimeRecoveryDescription":{"PointInTimeRecoveryStatus":"DISABLED"}}}
   http.response.header.date="Sun, 12 Oct 2025 04:56:55 GMT" http.response_content_length=144 http.response.header.connection=keep-alive http.response.header.content_type=application/x-amz-json-1.0 http.response.header.x_amz_crc32=430025545 http.status_code=200 rpc.service=DynamoDB tf_aws.sdk=aws-sdk-go-v2 tf_aws.signing_region="" tf_mux_provider="*schema.GRPCProviderServer" @module=aws http.response.header.x_amzn_requestid=PV1E0P35E7BBASPN7MAMQOPJ4VVV4KQNSO5AEMVJF66Q9ASUAAJG rpc.method=DescribeContinuousBackups tf_provider_addr=registry.terraform.io/hashicorp/aws timestamp=2025-10-11T22:56:54.655-0600
2025-10-11T22:56:54.657-0600 [DEBUG] provider.terraform-provider-aws_v5.100.0_x5.exe: HTTP Response Received: http.duration=133 http.response.header.x_amz_request_id=XEHH2NNXYWRW23YJ tf_aws.sdk=aws-sdk-go-v2 tf_req_id=6e99a84e-b987-0012-c12e-2de441585745 tf_rpc=ReadResource http.response.header.date="Sun, 12 Oct 2025 04:56:54 GMT" tf_mux_provider="*schema.GRPCProviderServer" tf_provider_addr=registry.terraform.io/hashicorp/aws @module=aws aws.region=us-east-2
  http.response.body=
  | <?xml version="1.0" encoding="UTF-8"?>
  | <Error><Code>NoSuchBucketPolicy</Code><Message>The bucket policy does not exist</Message><BucketName>infra-chide</BucketName><RequestId>XEHH2NNXYWRW23YJ</RequestId><HostId>96YeHjzrlssiYveeQHoNAt3x7kRuR44H65vUBL5Wy3wxAYe4kd8nM0J5KZeY17+at4MfJFHtQcTZ4a6XrB6qOUSUzi5tyew43ZneTnohaPQ=</HostId></Error>
   http.response.header.x_amz_id_2="96YeHjzrlssiYveeQHoNAt3x7kRuR44H65vUBL5Wy3wxAYe4kd8nM0J5KZeY17+at4MfJFHtQcTZ4a6XrB6qOUSUzi5tyew43ZneTnohaPQ=" rpc.system=aws-api tf_resource_type=aws_s3_bucket @caller=github.com/hashicorp/aws-sdk-go-base/v2@v2.0.0-beta.65/logging/tf_logger.go:45 http.response.header.content_type=application/xml http.response.header.server=AmazonS3 http.status_code=404 rpc.method=GetBucketPolicy rpc.service=S3 tf_aws.signing_region="" timestamp=2025-10-11T22:56:54.655-0600
2025-10-11T22:56:54.658-0600 [DEBUG] provider.terraform-provider-aws_v5.100.0_x5.exe: request failed with unretryable error https response error StatusCode: 404, RequestID: XEHH2NNXYWRW23YJ, HostID: 96YeHjzrlssiYveeQHoNAt3x7kRuR44H65vUBL5Wy3wxAYe4kd8nM0J5KZeY17+at4MfJFHtQcTZ4a6XrB6qOUSUzi5tyew43ZneTnohaPQ=, api error NoSuchBucketPolicy: The bucket policy does not exist: aws.region=us-east-2 tf_aws.sdk=aws-sdk-go-v2 tf_req_id=6e99a84e-b987-0012-c12e-2de441585745 rpc.method=GetBucketPolicy rpc.system=aws-api tf_mux_provider="*schema.GRPCProviderServer" @module=aws rpc.service=S3 tf_provider_addr=registry.terraform.io/hashicorp/aws tf_resource_type=aws_s3_bucket tf_rpc=ReadResource @caller=github.com/hashicorp/aws-sdk-go-base/v2@v2.0.0-beta.65/logging/tf_logger.go:45 timestamp=2025-10-11T22:56:54.658-0600
2025-10-11T22:56:54.660-0600 [DEBUG] provider.terraform-provider-aws_v5.100.0_x5.exe: HTTP Request Sent: aws.region=us-east-2 tf_req_id=4d60407c-7b58-f1ff-fb6e-8e2f9f0be997 tf_rpc=ReadResource @module=aws http.method=POST http.request.header.authorization="AWS4-HMAC-SHA256 Credential=AKIA************3APN/20251012/us-east-2/dynamodb/aws4_request, SignedHeaders=accept-encoding;amz-sdk-invocation-id;amz-sdk-request;content-length;content-type;host;x-amz-date;x-amz-target, Signature=*****" http.request.header.content_type=application/x-amz-json-1.0 http.url=https://dynamodb.us-east-2.amazonaws.com/ rpc.system=aws-api http.request.header.x_amz_date=20251012T045654Z http.request.header.x_amz_target=DynamoDB_20120810.DescribeTimeToLive net.peer.name=dynamodb.us-east-2.amazonaws.com http.request.header.accept_encoding=identity tf_mux_provider="*schema.GRPCProviderServer" tf_provider_addr=registry.terraform.io/hashicorp/aws @caller=github.com/hashicorp/aws-sdk-go-base/v2@v2.0.0-beta.65/logging/tf_logger.go:45 http.request.header.amz_sdk_request="attempt=1; max=25" tf_aws.sdk=aws-sdk-go-v2 tf_resource_type=aws_dynamodb_table db.system=dynamodb
  http.request.body=
  | {"TableName":"infra-chide_db"}
   http.request.header.amz_sdk_invocation_id=b73385cb-4fa1-4f72-90fb-ee6567c88171 http.request_content_length=30 http.user_agent="APN/1.0 HashiCorp/1.0 Terraform/1.12.0 (+https://www.terraform.io) terraform-provider-aws/5.100.0 (+https://registry.terraform.io/providers/hashicorp/aws) aws-sdk-go-v2/1.36.3 ua/2.1 os/windows lang/go#1.23.10 md/GOOS#windows md/GOARCH#386 api/dynamodb#1.43.2 m/P,n" rpc.method=DescribeTimeToLive rpc.service=DynamoDB tf_aws.signing_region="" timestamp=2025-10-11T22:56:54.658-0600
2025-10-11T22:56:54.660-0600 [DEBUG] provider.terraform-provider-aws_v5.100.0_x5.exe: [DEBUG] Waiting for state to become: [success]
2025-10-11T22:56:54.663-0600 [DEBUG] provider.terraform-provider-aws_v5.100.0_x5.exe: HTTP Request Sent: http.request.header.x_amz_date=20251012T045654Z net.peer.name=infra-chide.s3.us-east-2.amazonaws.com rpc.service=S3 tf_aws.signing_region="" tf_provider_addr=registry.terraform.io/hashicorp/aws tf_resource_type=aws_s3_bucket @caller=github.com/hashicorp/aws-sdk-go-base/v2@v2.0.0-beta.65/logging/tf_logger.go:45 http.request.body="" http.request.header.accept_encoding=identity http.request.header.amz_sdk_invocation_id=6a75a32e-d5c8-4db6-b38c-29beb0afea8c http.request.header.authorization="AWS4-HMAC-SHA256 Credential=AKIA************3APN/20251012/us-east-2/s3/aws4_request, SignedHeaders=accept-encoding;amz-sdk-invocation-id;amz-sdk-request;host;x-amz-content-sha256;x-amz-date, Signature=*****" http.request.header.x_amz_content_sha256=e3b0c44298fc1c149afbf4c8996fb92427ae41e4649b934ca495991b7852b855 http.user_agent="APN/1.0 HashiCorp/1.0 Terraform/1.12.0 (+https://www.terraform.io) terraform-provider-aws/5.100.0 (+https://registry.terraform.io/providers/hashicorp/aws) aws-sdk-go-v2/1.36.3 ua/2.1 os/windows lang/go#1.23.10 md/GOOS#windows md/GOARCH#386 api/s3#1.80.1 m/n" @module=aws tf_req_id=6e99a84e-b987-0012-c12e-2de441585745 tf_rpc=ReadResource http.method=GET http.request.header.amz_sdk_request="attempt=1; max=25" http.url=https://infra-chide.s3.us-east-2.amazonaws.com/?acl= rpc.method=GetBucketAcl rpc.system=aws-api tf_aws.sdk=aws-sdk-go-v2 tf_mux_provider="*schema.GRPCProviderServer" aws.region=us-east-2 timestamp=2025-10-11T22:56:54.663-0600
2025-10-11T22:56:54.754-0600 [DEBUG] provider.terraform-provider-aws_v5.100.0_x5.exe: HTTP Response Received: http.response_content_length=57 rpc.method=DescribeTimeToLive tf_aws.signing_region="" tf_req_id=4d60407c-7b58-f1ff-fb6e-8e2f9f0be997 tf_resource_type=aws_dynamodb_table tf_rpc=ReadResource http.response.header.x_amz_crc32=243044618
  http.response.body=
  | {"TimeToLiveDescription":{"TimeToLiveStatus":"DISABLED"}}
   http.response.header.date="Sun, 12 Oct 2025 04:56:55 GMT" http.status_code=200 rpc.service=DynamoDB tf_provider_addr=registry.terraform.io/hashicorp/aws http.duration=90 http.response.header.connection=keep-alive tf_mux_provider="*schema.GRPCProviderServer" @module=aws aws.region=us-east-2 db.system=dynamodb http.response.header.content_type=application/x-amz-json-1.0 http.response.header.server=Server http.response.header.x_amzn_requestid=4VDN0IAPLOON38ESD2R7T6AQSJVV4KQNSO5AEMVJF66Q9ASUAAJG rpc.system=aws-api tf_aws.sdk=aws-sdk-go-v2 @caller=github.com/hashicorp/aws-sdk-go-base/v2@v2.0.0-beta.65/logging/tf_logger.go:45 timestamp=2025-10-11T22:56:54.752-0600
2025-10-11T22:56:54.760-0600 [DEBUG] provider.terraform-provider-aws_v5.100.0_x5.exe: HTTP Request Sent: http.request.header.amz_sdk_invocation_id=e4797faa-6d64-44d3-913a-940db0e30793 rpc.method=ListTagsOfResource rpc.system=aws-api tf_resource_type=aws_dynamodb_table http.request.header.amz_sdk_request="attempt=1; max=25" tf_aws.signing_region="" tf_req_id=4d60407c-7b58-f1ff-fb6e-8e2f9f0be997 tf_mux_provider="*schema.GRPCProviderServer" http.method=POST http.request.header.accept_encoding=identity http.request.header.x_amz_date=20251012T045654Z http.request_content_length=78 http.user_agent="APN/1.0 HashiCorp/1.0 Terraform/1.12.0 (+https://www.terraform.io) terraform-provider-aws/5.100.0 (+https://registry.terraform.io/providers/hashicorp/aws) aws-sdk-go-v2/1.36.3 ua/2.1 os/windows lang/go#1.23.10 md/GOOS#windows md/GOARCH#386 api/dynamodb#1.43.2 m/P,n" tf_aws.sdk=aws-sdk-go-v2 @caller=github.com/hashicorp/aws-sdk-go-base/v2@v2.0.0-beta.65/logging/tf_logger.go:45 http.url=https://147997123299.ddb.us-east-2.amazonaws.com/ net.peer.name=147997123299.ddb.us-east-2.amazonaws.com tf_rpc=ReadResource
  http.request.body=
  | {"ResourceArn":"arn:aws:dynamodb:us-east-2:147997123299:table/infra-chide_db"}
   tf_provider_addr=registry.terraform.io/hashicorp/aws http.request.header.authorization="AWS4-HMAC-SHA256 Credential=AKIA************3APN/20251012/us-east-2/dynamodb/aws4_request, SignedHeaders=accept-encoding;amz-sdk-invocation-id;amz-sdk-request;content-length;content-type;host;x-amz-date;x-amz-target, Signature=*****" aws.region=us-east-2 db.system=dynamodb http.request.header.content_type=application/x-amz-json-1.0 http.request.header.x_amz_target=DynamoDB_20120810.ListTagsOfResource rpc.service=DynamoDB @module=aws timestamp=2025-10-11T22:56:54.758-0600
2025-10-11T22:56:54.801-0600 [DEBUG] provider.terraform-provider-aws_v5.100.0_x5.exe: HTTP Response Received: rpc.system=aws-api tf_aws.signing_region="" tf_provider_addr=registry.terraform.io/hashicorp/aws tf_req_id=6e99a84e-b987-0012-c12e-2de441585745 tf_rpc=ReadResource rpc.service=S3 @caller=github.com/hashicorp/aws-sdk-go-base/v2@v2.0.0-beta.65/logging/tf_logger.go:45 @module=aws http.response.header.date="Sun, 12 Oct 2025 04:56:56 GMT" http.response.header.x_amz_request_id=XEHPKEJST0E0HXWP http.status_code=200 tf_aws.sdk=aws-sdk-go-v2 tf_resource_type=aws_s3_bucket aws.region=us-east-2 http.duration=136 http.response.header.content_type=application/xml http.response.header.server=AmazonS3 http.response.header.x_amz_id_2="z+EmBoBl9y/ghXriEPEp+jJH/N/HRabge5f/0JT2d/7eR2NXEzW8RgxHWZwu4xX9GpsEbZb184O33bKcHNb4oS1hGIuAO2wwG0cn+5ZS6uY=" rpc.method=GetBucketAcl tf_mux_provider="*schema.GRPCProviderServer"
  http.response.body=
  | <?xml version="1.0" encoding="UTF-8"?>
  | <AccessControlPolicy xmlns="http://s3.amazonaws.com/doc/2006-03-01/"><Owner><ID>f429e4e43ae66515853de9a419f6d9cb8df8a762d6b0d45c3cfb67037689ca28</ID></Owner><AccessControlList><Grant><Grantee xmlns:xsi="http://www.w3.org/2001/XMLSchema-instance" xsi:type="CanonicalUser"><ID>f429e4e43ae66515853de9a419f6d9cb8df8a762d6b0d45c3cfb67037689ca28</ID></Grantee><Permission>FULL_CONTROL</Permission></Grant></AccessControlList></AccessControlPolicy>
   timestamp=2025-10-11T22:56:54.800-0600
2025-10-11T22:56:54.801-0600 [DEBUG] provider.terraform-provider-aws_v5.100.0_x5.exe: [DEBUG] Waiting for state to become: [success]
2025-10-11T22:56:54.807-0600 [DEBUG] provider.terraform-provider-aws_v5.100.0_x5.exe: HTTP Request Sent: http.method=GET http.request.body="" http.request.header.amz_sdk_request="attempt=1; max=25" http.request.header.x_amz_date=20251012T045654Z net.peer.name=infra-chide.s3.us-east-2.amazonaws.com rpc.system=aws-api aws.region=us-east-2 http.request.header.accept_encoding=identity http.url=https://infra-chide.s3.us-east-2.amazonaws.com/?cors= rpc.method=GetBucketCors rpc.service=S3 tf_aws.sdk=aws-sdk-go-v2 tf_provider_addr=registry.terraform.io/hashicorp/aws @caller=github.com/hashicorp/aws-sdk-go-base/v2@v2.0.0-beta.65/logging/tf_logger.go:45 http.request.header.amz_sdk_invocation_id=e116ff98-cf82-4b72-a87d-54ef30074ce9 http.user_agent="APN/1.0 HashiCorp/1.0 Terraform/1.12.0 (+https://www.terraform.io) terraform-provider-aws/5.100.0 (+https://registry.terraform.io/providers/hashicorp/aws) aws-sdk-go-v2/1.36.3 ua/2.1 os/windows lang/go#1.23.10 md/GOOS#windows md/GOARCH#386 api/s3#1.80.1 m/n" tf_aws.signing_region="" tf_mux_provider="*schema.GRPCProviderServer" tf_req_id=6e99a84e-b987-0012-c12e-2de441585745 tf_resource_type=aws_s3_bucket @module=aws http.request.header.authorization="AWS4-HMAC-SHA256 Credential=AKIA************3APN/20251012/us-east-2/s3/aws4_request, SignedHeaders=accept-encoding;amz-sdk-invocation-id;amz-sdk-request;host;x-amz-content-sha256;x-amz-date, Signature=*****" http.request.header.x_amz_content_sha256=e3b0c44298fc1c149afbf4c8996fb92427ae41e4649b934ca495991b7852b855 tf_rpc=ReadResource timestamp=2025-10-11T22:56:54.805-0600
2025-10-11T22:56:55.055-0600 [DEBUG] provider.terraform-provider-aws_v5.100.0_x5.exe: HTTP Response Received: aws.region=us-east-2 http.duration=247 rpc.service=S3 tf_provider_addr=registry.terraform.io/hashicorp/aws tf_req_id=6e99a84e-b987-0012-c12e-2de441585745 tf_resource_type=aws_s3_bucket tf_rpc=ReadResource @caller=github.com/hashicorp/aws-sdk-go-base/v2@v2.0.0-beta.65/logging/tf_logger.go:45 http.response.header.content_type=application/xml http.response.header.server=AmazonS3 http.response.header.x_amz_request_id=XEHTCZJ8FGJR1N9N rpc.method=GetBucketCors tf_aws.sdk=aws-sdk-go-v2 tf_aws.signing_region="" @module=aws
  http.response.body=
  | <?xml version="1.0" encoding="UTF-8"?>
  | <Error><Code>NoSuchCORSConfiguration</Code><Message>The CORS configuration does not exist</Message><BucketName>infra-chide</BucketName><RequestId>XEHTCZJ8FGJR1N9N</RequestId><HostId>uX3QNyk8eKGqiHyWXb/pLE2+pqzPMqaWxJ0kbtUVDZf4PNyZI5r9sxEQtL22X1pPPXf9VtntP53g4Romp3yAvzjJu5bMPIqbQNhf/BjKbvc=</HostId></Error>
   http.response.header.date="Sun, 12 Oct 2025 04:56:54 GMT" http.response.header.x_amz_id_2="uX3QNyk8eKGqiHyWXb/pLE2+pqzPMqaWxJ0kbtUVDZf4PNyZI5r9sxEQtL22X1pPPXf9VtntP53g4Romp3yAvzjJu5bMPIqbQNhf/BjKbvc=" rpc.system=aws-api tf_mux_provider="*schema.GRPCProviderServer" http.status_code=404 timestamp=2025-10-11T22:56:55.054-0600
2025-10-11T22:56:55.055-0600 [DEBUG] provider.terraform-provider-aws_v5.100.0_x5.exe: request failed with unretryable error https response error StatusCode: 404, RequestID: XEHTCZJ8FGJR1N9N, HostID: uX3QNyk8eKGqiHyWXb/pLE2+pqzPMqaWxJ0kbtUVDZf4PNyZI5r9sxEQtL22X1pPPXf9VtntP53g4Romp3yAvzjJu5bMPIqbQNhf/BjKbvc=, api error NoSuchCORSConfiguration: The CORS configuration does not exist: tf_aws.sdk=aws-sdk-go-v2 tf_provider_addr=registry.terraform.io/hashicorp/aws tf_req_id=6e99a84e-b987-0012-c12e-2de441585745 tf_resource_type=aws_s3_bucket @caller=github.com/hashicorp/aws-sdk-go-base/v2@v2.0.0-beta.65/logging/tf_logger.go:45 rpc.method=GetBucketCors tf_rpc=ReadResource tf_mux_provider="*schema.GRPCProviderServer" @module=aws aws.region=us-east-2 rpc.service=S3 rpc.system=aws-api timestamp=2025-10-11T22:56:55.054-0600
2025-10-11T22:56:55.055-0600 [DEBUG] provider.terraform-provider-aws_v5.100.0_x5.exe: [DEBUG] Waiting for state to become: [success]
2025-10-11T22:56:55.059-0600 [DEBUG] provider.terraform-provider-aws_v5.100.0_x5.exe: HTTP Request Sent: http.request.header.amz_sdk_request="attempt=1; max=25" http.request.header.x_amz_date=20251012T045655Z net.peer.name=infra-chide.s3.us-east-2.amazonaws.com rpc.method=GetBucketWebsite rpc.service=S3 aws.region=us-east-2 http.request.header.amz_sdk_invocation_id=b855e933-d805-4281-b39c-48c0c4f9bbb6 rpc.system=aws-api tf_aws.signing_region="" tf_mux_provider="*schema.GRPCProviderServer" @caller=github.com/hashicorp/aws-sdk-go-base/v2@v2.0.0-beta.65/logging/tf_logger.go:45 @module=aws http.request.header.accept_encoding=identity http.user_agent="APN/1.0 HashiCorp/1.0 Terraform/1.12.0 (+https://www.terraform.io) terraform-provider-aws/5.100.0 (+https://registry.terraform.io/providers/hashicorp/aws) aws-sdk-go-v2/1.36.3 ua/2.1 os/windows lang/go#1.23.10 md/GOOS#windows md/GOARCH#386 api/s3#1.80.1 m/n" tf_aws.sdk=aws-sdk-go-v2 tf_provider_addr=registry.terraform.io/hashicorp/aws tf_rpc=ReadResource http.method=GET http.request.header.authorization="AWS4-HMAC-SHA256 Credential=AKIA************3APN/20251012/us-east-2/s3/aws4_request, SignedHeaders=accept-encoding;amz-sdk-invocation-id;amz-sdk-request;host;x-amz-content-sha256;x-amz-date, Signature=*****" http.request.header.x_amz_content_sha256=e3b0c44298fc1c149afbf4c8996fb92427ae41e4649b934ca495991b7852b855 http.url=https://infra-chide.s3.us-east-2.amazonaws.com/?website= tf_req_id=6e99a84e-b987-0012-c12e-2de441585745 tf_resource_type=aws_s3_bucket http.request.body="" timestamp=2025-10-11T22:56:55.058-0600
2025-10-11T22:56:55.119-0600 [DEBUG] provider.terraform-provider-aws_v5.100.0_x5.exe: HTTP Response Received: tf_rpc=ReadResource @caller=github.com/hashicorp/aws-sdk-go-base/v2@v2.0.0-beta.65/logging/tf_logger.go:45 http.response.header.content_type=application/xml http.status_code=404
  http.response.body=
  | <?xml version="1.0" encoding="UTF-8"?>
  | <Error><Code>NoSuchWebsiteConfiguration</Code><Message>The specified bucket does not have a website configuration</Message><BucketName>infra-chide</BucketName><RequestId>XEHQXDHNREP5D591</RequestId><HostId>gmyuolZwrup9P4k1Kdb5NLS3kdapAb5cZE8ryqTdaDb8kgmefM652UnZCJdrpr7J87dvJZ3EFwcsrVBgsOhSIrDtwSqZVAxuFOGWXw8GsvY=</HostId></Error>
   http.response.header.x_amz_request_id=XEHQXDHNREP5D591 rpc.method=GetBucketWebsite rpc.service=S3 tf_aws.sdk=aws-sdk-go-v2 tf_aws.signing_region="" tf_mux_provider="*schema.GRPCProviderServer" tf_resource_type=aws_s3_bucket aws.region=us-east-2 http.duration=59 http.response.header.server=AmazonS3 rpc.system=aws-api tf_provider_addr=registry.terraform.io/hashicorp/aws @module=aws http.response.header.date="Sun, 12 Oct 2025 04:56:54 GMT" http.response.header.x_amz_id_2=gmyuolZwrup9P4k1Kdb5NLS3kdapAb5cZE8ryqTdaDb8kgmefM652UnZCJdrpr7J87dvJZ3EFwcsrVBgsOhSIrDtwSqZVAxuFOGWXw8GsvY= tf_req_id=6e99a84e-b987-0012-c12e-2de441585745 timestamp=2025-10-11T22:56:55.118-0600
2025-10-11T22:56:55.119-0600 [DEBUG] provider.terraform-provider-aws_v5.100.0_x5.exe: request failed with unretryable error https response error StatusCode: 404, RequestID: XEHQXDHNREP5D591, HostID: gmyuolZwrup9P4k1Kdb5NLS3kdapAb5cZE8ryqTdaDb8kgmefM652UnZCJdrpr7J87dvJZ3EFwcsrVBgsOhSIrDtwSqZVAxuFOGWXw8GsvY=, api error NoSuchWebsiteConfiguration: The specified bucket does not have a website configuration: aws.region=us-east-2 rpc.service=S3 tf_provider_addr=registry.terraform.io/hashicorp/aws tf_req_id=6e99a84e-b987-0012-c12e-2de441585745 tf_aws.sdk=aws-sdk-go-v2 tf_resource_type=aws_s3_bucket @module=aws rpc.method=GetBucketWebsite tf_mux_provider="*schema.GRPCProviderServer" @caller=github.com/hashicorp/aws-sdk-go-base/v2@v2.0.0-beta.65/logging/tf_logger.go:45 rpc.system=aws-api tf_rpc=ReadResource timestamp=2025-10-11T22:56:55.119-0600
2025-10-11T22:56:55.119-0600 [DEBUG] provider.terraform-provider-aws_v5.100.0_x5.exe: [DEBUG] Waiting for state to become: [success]
2025-10-11T22:56:55.122-0600 [DEBUG] provider.terraform-provider-aws_v5.100.0_x5.exe: HTTP Request Sent: http.request.header.amz_sdk_request="attempt=1; max=25" rpc.method=GetBucketVersioning tf_aws.sdk=aws-sdk-go-v2 tf_aws.signing_region="" tf_mux_provider="*schema.GRPCProviderServer" http.request.header.amz_sdk_invocation_id=bd135159-84c7-4080-a1d7-0845badc4e67 net.peer.name=infra-chide.s3.us-east-2.amazonaws.com tf_provider_addr=registry.terraform.io/hashicorp/aws tf_resource_type=aws_s3_bucket tf_rpc=ReadResource aws.region=us-east-2 http.method=GET http.request.header.authorization="AWS4-HMAC-SHA256 Credential=AKIA************3APN/20251012/us-east-2/s3/aws4_request, SignedHeaders=accept-encoding;amz-sdk-invocation-id;amz-sdk-request;host;x-amz-content-sha256;x-amz-date, Signature=*****" tf_req_id=6e99a84e-b987-0012-c12e-2de441585745 @module=aws http.request.body="" http.request.header.x_amz_content_sha256=e3b0c44298fc1c149afbf4c8996fb92427ae41e4649b934ca495991b7852b855 http.request.header.x_amz_date=20251012T045655Z http.url=https://infra-chide.s3.us-east-2.amazonaws.com/?versioning= http.user_agent="APN/1.0 HashiCorp/1.0 Terraform/1.12.0 (+https://www.terraform.io) terraform-provider-aws/5.100.0 (+https://registry.terraform.io/providers/hashicorp/aws) aws-sdk-go-v2/1.36.3 ua/2.1 os/windows lang/go#1.23.10 md/GOOS#windows md/GOARCH#386 api/s3#1.80.1 m/n" rpc.service=S3 rpc.system=aws-api @caller=github.com/hashicorp/aws-sdk-go-base/v2@v2.0.0-beta.65/logging/tf_logger.go:45 http.request.header.accept_encoding=identity timestamp=2025-10-11T22:56:55.121-0600
2025-10-11T22:56:55.176-0600 [DEBUG] provider.terraform-provider-aws_v5.100.0_x5.exe: HTTP Response Received: aws.region=us-east-2 http.response.header.date="Sun, 12 Oct 2025 04:56:56 GMT" http.response.header.x_amz_id_2="hUqk+x5bI/lCJv/lv2RDbmvYMzTvyLx4uaIy4zPTQaEoIYDnBhjp7V1kK1DnqZmxrEwSCC4g6O8LgE8Y8FnpDB8zZ+x8JMW+NQ+xOk/RgMk=" tf_mux_provider="*schema.GRPCProviderServer" tf_provider_addr=registry.terraform.io/hashicorp/aws tf_req_id=6e99a84e-b987-0012-c12e-2de441585745
  http.response.body=
  | <?xml version="1.0" encoding="UTF-8"?>
  | <VersioningConfiguration xmlns="http://s3.amazonaws.com/doc/2006-03-01/"><Status>Enabled</Status></VersioningConfiguration>
   http.response.header.server=AmazonS3 rpc.system=aws-api tf_aws.signing_region="" tf_rpc=ReadResource http.status_code=200 http.duration=53 rpc.service=S3 @caller=github.com/hashicorp/aws-sdk-go-base/v2@v2.0.0-beta.65/logging/tf_logger.go:45 http.response.header.x_amz_request_id=XEHNETCPE8FR5SFT rpc.method=GetBucketVersioning tf_aws.sdk=aws-sdk-go-v2 tf_resource_type=aws_s3_bucket @module=aws timestamp=2025-10-11T22:56:55.176-0600
2025-10-11T22:56:55.177-0600 [DEBUG] provider.terraform-provider-aws_v5.100.0_x5.exe: [DEBUG] Waiting for state to become: [success]
2025-10-11T22:56:55.180-0600 [DEBUG] provider.terraform-provider-aws_v5.100.0_x5.exe: HTTP Request Sent: tf_mux_provider="*schema.GRPCProviderServer" tf_provider_addr=registry.terraform.io/hashicorp/aws tf_req_id=6e99a84e-b987-0012-c12e-2de441585745 http.request.header.accept_encoding=identity rpc.system=aws-api tf_aws.signing_region="" http.request.header.amz_sdk_invocation_id=3ddcd968-1f4c-4dc6-b6dc-14d7f31c811a http.request.header.authorization="AWS4-HMAC-SHA256 Credential=AKIA************3APN/20251012/us-east-2/s3/aws4_request, SignedHeaders=accept-encoding;amz-sdk-invocation-id;amz-sdk-request;host;x-amz-content-sha256;x-amz-date, Signature=*****" http.request.header.x_amz_date=20251012T045655Z http.user_agent="APN/1.0 HashiCorp/1.0 Terraform/1.12.0 (+https://www.terraform.io) terraform-provider-aws/5.100.0 (+https://registry.terraform.io/providers/hashicorp/aws) aws-sdk-go-v2/1.36.3 ua/2.1 os/windows lang/go#1.23.10 md/GOOS#windows md/GOARCH#386 api/s3#1.80.1 m/n" rpc.service=S3 tf_resource_type=aws_s3_bucket tf_rpc=ReadResource @caller=github.com/hashicorp/aws-sdk-go-base/v2@v2.0.0-beta.65/logging/tf_logger.go:45 @module=aws aws.region=us-east-2 http.method=GET http.request.body="" http.request.header.amz_sdk_request="attempt=1; max=25" http.url=https://infra-chide.s3.us-east-2.amazonaws.com/?accelerate= rpc.method=GetBucketAccelerateConfiguration http.request.header.x_amz_content_sha256=e3b0c44298fc1c149afbf4c8996fb92427ae41e4649b934ca495991b7852b855 net.peer.name=infra-chide.s3.us-east-2.amazonaws.com tf_aws.sdk=aws-sdk-go-v2 timestamp=2025-10-11T22:56:55.179-0600
2025-10-11T22:56:55.260-0600 [DEBUG] provider.terraform-provider-aws_v5.100.0_x5.exe: HTTP Response Received: aws.region=us-east-2 http.response.header.x_amz_request_id=XEHG6D9D7NWJE36E tf_aws.sdk=aws-sdk-go-v2 tf_aws.signing_region="" tf_mux_provider="*schema.GRPCProviderServer" tf_provider_addr=registry.terraform.io/hashicorp/aws http.status_code=200 @module=aws http.duration=79
  http.response.body=
  | <?xml version="1.0" encoding="UTF-8"?>
  | <AccelerateConfiguration xmlns="http://s3.amazonaws.com/doc/2006-03-01/"/>
   http.response.header.server=AmazonS3 rpc.service=S3 rpc.system=aws-api @caller=github.com/hashicorp/aws-sdk-go-base/v2@v2.0.0-beta.65/logging/tf_logger.go:45 rpc.method=GetBucketAccelerateConfiguration tf_req_id=6e99a84e-b987-0012-c12e-2de441585745 tf_resource_type=aws_s3_bucket tf_rpc=ReadResource http.response.header.date="Sun, 12 Oct 2025 04:56:56 GMT" http.response.header.x_amz_id_2=syh1vIivdLhk4xu/3GxWewjIXIr7o1esK82N5p3uv7D1bl/uoBjC0WN/gUw3PnhbcF7vU8UTSxBcY6DZWgLkeF27YglQt0KdKMlOtsyuc4s= timestamp=2025-10-11T22:56:55.259-0600
2025-10-11T22:56:55.260-0600 [DEBUG] provider.terraform-provider-aws_v5.100.0_x5.exe: [DEBUG] Waiting for state to become: [success]
2025-10-11T22:56:55.262-0600 [DEBUG] provider.terraform-provider-aws_v5.100.0_x5.exe: HTTP Request Sent: rpc.service=S3 rpc.system=aws-api tf_aws.sdk=aws-sdk-go-v2 tf_mux_provider="*schema.GRPCProviderServer" aws.region=us-east-2 http.url=https://infra-chide.s3.us-east-2.amazonaws.com/?requestPayment= tf_req_id=6e99a84e-b987-0012-c12e-2de441585745 tf_resource_type=aws_s3_bucket @caller=github.com/hashicorp/aws-sdk-go-base/v2@v2.0.0-beta.65/logging/tf_logger.go:45 http.method=GET http.request.body="" http.request.header.authorization="AWS4-HMAC-SHA256 Credential=AKIA************3APN/20251012/us-east-2/s3/aws4_request, SignedHeaders=accept-encoding;amz-sdk-invocation-id;amz-sdk-request;host;x-amz-content-sha256;x-amz-date, Signature=*****" tf_aws.signing_region="" tf_provider_addr=registry.terraform.io/hashicorp/aws tf_rpc=ReadResource http.request.header.accept_encoding=identity http.request.header.amz_sdk_invocation_id=35a3a55e-1cd3-431c-a7d9-36a3055b5463 http.request.header.x_amz_content_sha256=e3b0c44298fc1c149afbf4c8996fb92427ae41e4649b934ca495991b7852b855 http.user_agent="APN/1.0 HashiCorp/1.0 Terraform/1.12.0 (+https://www.terraform.io) terraform-provider-aws/5.100.0 (+https://registry.terraform.io/providers/hashicorp/aws) aws-sdk-go-v2/1.36.3 ua/2.1 os/windows lang/go#1.23.10 md/GOOS#windows md/GOARCH#386 api/s3#1.80.1 m/n" net.peer.name=infra-chide.s3.us-east-2.amazonaws.com @module=aws http.request.header.amz_sdk_request="attempt=1; max=25" http.request.header.x_amz_date=20251012T045655Z rpc.method=GetBucketRequestPayment timestamp=2025-10-11T22:56:55.262-0600
2025-10-11T22:56:55.316-0600 [DEBUG] provider.terraform-provider-aws_v5.100.0_x5.exe: HTTP Response Received: tf_mux_provider="*schema.GRPCProviderServer" tf_provider_addr=registry.terraform.io/hashicorp/aws tf_resource_type=aws_s3_bucket http.response.header.x_amz_id_2="EVLPzmYbXwZFJh3xNqcL7uqUk9DpczpuL9VJU+bNcKp/mBbvR5TD1yWzg3rt9pI2QZTXxB6QCqte/YStWjQ8ZA86op2qmZFm89xqivC9PIY=" rpc.service=S3 tf_aws.sdk=aws-sdk-go-v2 tf_rpc=ReadResource @caller=github.com/hashicorp/aws-sdk-go-base/v2@v2.0.0-beta.65/logging/tf_logger.go:45 http.status_code=200 rpc.method=GetBucketRequestPayment aws.region=us-east-2
  http.response.body=
  | <?xml version="1.0" encoding="UTF-8"?>
  | <RequestPaymentConfiguration xmlns="http://s3.amazonaws.com/doc/2006-03-01/"><Payer>BucketOwner</Payer></RequestPaymentConfiguration>
   http.response.header.date="Sun, 12 Oct 2025 04:56:56 GMT" http.response.header.x_amz_request_id=XEHTCMYGCEK4867B rpc.system=aws-api tf_aws.signing_region="" tf_req_id=6e99a84e-b987-0012-c12e-2de441585745 @module=aws http.duration=53 http.response.header.server=AmazonS3 timestamp=2025-10-11T22:56:55.315-0600
2025-10-11T22:56:55.317-0600 [DEBUG] provider.terraform-provider-aws_v5.100.0_x5.exe: [DEBUG] Waiting for state to become: [success]
2025-10-11T22:56:55.317-0600 [DEBUG] provider.terraform-provider-aws_v5.100.0_x5.exe: HTTP Response Received: http.response.header.x_amzn_requestid=OJVE7RFOCE636E743UF6UUHTGRVV4KQNSO5AEMVJF66Q9ASUAAJG tf_req_id=4d60407c-7b58-f1ff-fb6e-8e2f9f0be997 aws.region=us-east-2 http.duration=557 http.response.header.content_type=application/x-amz-json-1.0 http.response_content_length=103 http.status_code=200 tf_resource_type=aws_dynamodb_table tf_rpc=ReadResource @module=aws
  http.response.body=
  | {"Tags":[{"Key":"Project","Value":"terraform-backend-bootstrap"},{"Key":"Environment","Value":"prod"}]}
   http.response.header.connection=keep-alive http.response.header.x_amz_crc32=2660612874 rpc.method=ListTagsOfResource rpc.service=DynamoDB @caller=github.com/hashicorp/aws-sdk-go-base/v2@v2.0.0-beta.65/logging/tf_logger.go:45 db.system=dynamodb rpc.system=aws-api tf_aws.sdk=aws-sdk-go-v2 tf_aws.signing_region="" tf_mux_provider="*schema.GRPCProviderServer" tf_provider_addr=registry.terraform.io/hashicorp/aws http.response.header.date="Sun, 12 Oct 2025 04:56:55 GMT" http.response.header.server=Server timestamp=2025-10-11T22:56:55.317-0600
2025-10-11T22:56:55.319-0600 [DEBUG] provider.terraform-provider-aws_v5.100.0_x5.exe: HTTP Request Sent: http.request.header.x_amz_date=20251012T045655Z rpc.method=GetBucketLogging rpc.service=S3 http.url=https://infra-chide.s3.us-east-2.amazonaws.com/?logging= rpc.system=aws-api tf_aws.signing_region="" tf_provider_addr=registry.terraform.io/hashicorp/aws tf_resource_type=aws_s3_bucket aws.region=us-east-2 http.request.body="" http.request.header.amz_sdk_invocation_id=902978e7-52c5-461e-adae-f646359128ea http.request.header.authorization="AWS4-HMAC-SHA256 Credential=AKIA************3APN/20251012/us-east-2/s3/aws4_request, SignedHeaders=accept-encoding;amz-sdk-invocation-id;amz-sdk-request;host;x-amz-content-sha256;x-amz-date, Signature=*****" http.user_agent="APN/1.0 HashiCorp/1.0 Terraform/1.12.0 (+https://www.terraform.io) terraform-provider-aws/5.100.0 (+https://registry.terraform.io/providers/hashicorp/aws) aws-sdk-go-v2/1.36.3 ua/2.1 os/windows lang/go#1.23.10 md/GOOS#windows md/GOARCH#386 api/s3#1.80.1 m/n" net.peer.name=infra-chide.s3.us-east-2.amazonaws.com tf_aws.sdk=aws-sdk-go-v2 tf_rpc=ReadResource http.method=GET http.request.header.amz_sdk_request="attempt=1; max=25" tf_mux_provider="*schema.GRPCProviderServer" tf_req_id=6e99a84e-b987-0012-c12e-2de441585745 @caller=github.com/hashicorp/aws-sdk-go-base/v2@v2.0.0-beta.65/logging/tf_logger.go:45 @module=aws http.request.header.accept_encoding=identity http.request.header.x_amz_content_sha256=e3b0c44298fc1c149afbf4c8996fb92427ae41e4649b934ca495991b7852b855 timestamp=2025-10-11T22:56:55.318-0600
2025-10-11T22:56:55.360-0600 [WARN]  Provider "registry.terraform.io/hashicorp/aws" produced an invalid plan for aws_dynamodb_table.locks, but we are tolerating it because it is using the legacy plugin SDK.
    The following problems may be the cause of any confusing errors from downstream operations:
      - .stream_enabled: planned value cty.False for a non-computed attribute
      - .deletion_protection_enabled: planned value cty.False for a non-computed attribute
      - .table_class: planned value cty.StringVal("STANDARD") for a non-computed attribute
      - .point_in_time_recovery: block count in plan (1) disagrees with count in config (0)
      - .ttl: block count in plan (1) disagrees with count in config (0)
2025-10-11T22:56:55.374-0600 [DEBUG] provider.terraform-provider-aws_v5.100.0_x5.exe: HTTP Response Received: tf_provider_addr=registry.terraform.io/hashicorp/aws @module=aws http.response.header.content_type=application/xml rpc.method=GetBucketLogging rpc.service=S3 tf_req_id=6e99a84e-b987-0012-c12e-2de441585745 tf_rpc=ReadResource aws.region=us-east-2
  http.response.body=
  | <?xml version="1.0" encoding="UTF-8"?>
  | 
  | <BucketLoggingStatus xmlns="http://s3.amazonaws.com/doc/2006-03-01/">
  |   <!--<LoggingEnabled><TargetBucket>myLogsBucket</TargetBucket><TargetPrefix>add/this/prefix/to/my/log/files/access_log-</TargetPrefix></LoggingEnabled>-->
  | </BucketLoggingStatus>
   http.response.header.server=AmazonS3 http.response.header.date="Sun, 12 Oct 2025 04:56:57 GMT" http.response.header.x_amz_id_2="LGbCSDH5EHRLsR8MX6UVTIg/ijWD11UlMG11ENLuoHqzAXKdexLIDigSr2m2LukBBUQpozj2U+0VRvuM4CdEJ4vgylM63aEGmyQg/lL95fc=" tf_aws.sdk=aws-sdk-go-v2 tf_mux_provider="*schema.GRPCProviderServer" tf_resource_type=aws_s3_bucket @caller=github.com/hashicorp/aws-sdk-go-base/v2@v2.0.0-beta.65/logging/tf_logger.go:45 http.duration=53 http.response.header.x_amz_request_id=DFA5XE4GMSAP5ZRP http.status_code=200 rpc.system=aws-api tf_aws.signing_region="" timestamp=2025-10-11T22:56:55.372-0600
2025-10-11T22:56:55.374-0600 [DEBUG] provider.terraform-provider-aws_v5.100.0_x5.exe: [DEBUG] Waiting for state to become: [success]
2025-10-11T22:56:55.376-0600 [DEBUG] provider.terraform-provider-aws_v5.100.0_x5.exe: HTTP Request Sent: http.method=GET http.request.header.x_amz_content_sha256=e3b0c44298fc1c149afbf4c8996fb92427ae41e4649b934ca495991b7852b855 rpc.service=S3 tf_aws.signing_region="" @module=aws aws.region=us-east-2 http.request.header.amz_sdk_request="attempt=1; max=25" http.request.header.x_amz_date=20251012T045655Z http.url=https://infra-chide.s3.us-east-2.amazonaws.com/?lifecycle= http.user_agent="APN/1.0 HashiCorp/1.0 Terraform/1.12.0 (+https://www.terraform.io) terraform-provider-aws/5.100.0 (+https://registry.terraform.io/providers/hashicorp/aws) aws-sdk-go-v2/1.36.3 ua/2.1 os/windows lang/go#1.23.10 md/GOOS#windows md/GOARCH#386 api/s3#1.80.1 m/n" tf_req_id=6e99a84e-b987-0012-c12e-2de441585745 http.request.header.amz_sdk_invocation_id=55c80895-5da6-41db-9a29-909f85a0aa63 http.request.header.authorization="AWS4-HMAC-SHA256 Credential=AKIA************3APN/20251012/us-east-2/s3/aws4_request, SignedHeaders=accept-encoding;amz-sdk-invocation-id;amz-sdk-request;host;x-amz-content-sha256;x-amz-date, Signature=*****" net.peer.name=infra-chide.s3.us-east-2.amazonaws.com rpc.method=GetBucketLifecycleConfiguration tf_aws.sdk=aws-sdk-go-v2 @caller=github.com/hashicorp/aws-sdk-go-base/v2@v2.0.0-beta.65/logging/tf_logger.go:45 http.request.body="" http.request.header.accept_encoding=identity rpc.system=aws-api tf_mux_provider="*schema.GRPCProviderServer" tf_provider_addr=registry.terraform.io/hashicorp/aws tf_resource_type=aws_s3_bucket tf_rpc=ReadResource timestamp=2025-10-11T22:56:55.375-0600
2025-10-11T22:56:55.459-0600 [DEBUG] provider.terraform-provider-aws_v5.100.0_x5.exe: HTTP Response Received: tf_req_id=6e99a84e-b987-0012-c12e-2de441585745 tf_resource_type=aws_s3_bucket tf_rpc=ReadResource http.response.header.x_amz_request_id=DFA4GE8XQT1TYWJG
  http.response.body=
  | <?xml version="1.0" encoding="UTF-8"?>
  | <LifecycleConfiguration xmlns="http://s3.amazonaws.com/doc/2006-03-01/"><Rule><ID>expire-noncurrent-versions</ID><Filter><Prefix></Prefix></Filter><Status>Enabled</Status><NoncurrentVersionExpiration><NoncurrentDays>90</NoncurrentDays></NoncurrentVersionExpiration></Rule></LifecycleConfiguration>
   http.response.header.date="Sun, 12 Oct 2025 04:56:57 GMT" http.response.header.x_amz_id_2="qdmvAZyKevsMB/LT879Xu1lToBouTxwNY/RAfWWgfFqPjfjxC0dh1xPAA1XuugcqD6YVg7sAvOpkDGc4Y+T5WQzDnO0LRIW3YKva475yw9s=" tf_mux_provider="*schema.GRPCProviderServer" @caller=github.com/hashicorp/aws-sdk-go-base/v2@v2.0.0-beta.65/logging/tf_logger.go:45 aws.region=us-east-2 http.response.header.x_amz_transition_default_minimum_object_size=all_storage_classes_128K @module=aws http.response.header.server=AmazonS3 http.status_code=200 rpc.method=GetBucketLifecycleConfiguration rpc.system=aws-api tf_aws.sdk=aws-sdk-go-v2 http.duration=77 http.response_content_length=336 rpc.service=S3 tf_aws.signing_region="" tf_provider_addr=registry.terraform.io/hashicorp/aws timestamp=2025-10-11T22:56:55.458-0600
2025-10-11T22:56:55.459-0600 [DEBUG] provider.terraform-provider-aws_v5.100.0_x5.exe: [DEBUG] Waiting for state to become: [success]
2025-10-11T22:56:55.462-0600 [DEBUG] provider.terraform-provider-aws_v5.100.0_x5.exe: HTTP Request Sent: tf_req_id=6e99a84e-b987-0012-c12e-2de441585745 tf_resource_type=aws_s3_bucket aws.region=us-east-2 http.request.body="" http.request.header.authorization="AWS4-HMAC-SHA256 Credential=AKIA************3APN/20251012/us-east-2/s3/aws4_request, SignedHeaders=accept-encoding;amz-sdk-invocation-id;amz-sdk-request;host;x-amz-content-sha256;x-amz-date, Signature=*****" http.url=https://infra-chide.s3.us-east-2.amazonaws.com/?replication= rpc.service=S3 tf_rpc=ReadResource @module=aws http.request.header.amz_sdk_invocation_id=d1a552b1-a2cc-407f-b58d-828a68d43e63 tf_mux_provider="*schema.GRPCProviderServer" tf_provider_addr=registry.terraform.io/hashicorp/aws http.method=GET http.request.header.accept_encoding=identity http.request.header.amz_sdk_request="attempt=1; max=25" http.request.header.x_amz_content_sha256=e3b0c44298fc1c149afbf4c8996fb92427ae41e4649b934ca495991b7852b855 net.peer.name=infra-chide.s3.us-east-2.amazonaws.com rpc.system=aws-api tf_aws.sdk=aws-sdk-go-v2 @caller=github.com/hashicorp/aws-sdk-go-base/v2@v2.0.0-beta.65/logging/tf_logger.go:45 http.request.header.x_amz_date=20251012T045655Z http.user_agent="APN/1.0 HashiCorp/1.0 Terraform/1.12.0 (+https://www.terraform.io) terraform-provider-aws/5.100.0 (+https://registry.terraform.io/providers/hashicorp/aws) aws-sdk-go-v2/1.36.3 ua/2.1 os/windows lang/go#1.23.10 md/GOOS#windows md/GOARCH#386 api/s3#1.80.1 m/n" rpc.method=GetBucketReplication tf_aws.signing_region="" timestamp=2025-10-11T22:56:55.461-0600
2025-10-11T22:56:55.518-0600 [DEBUG] provider.terraform-provider-aws_v5.100.0_x5.exe: HTTP Response Received: @module=aws
  http.response.body=
  | <?xml version="1.0" encoding="UTF-8"?>
  | <Error><Code>ReplicationConfigurationNotFoundError</Code><Message>The replication configuration was not found</Message><BucketName>infra-chide</BucketName><RequestId>DFA0E78Z8KVRDM2V</RequestId><HostId>zd23x6o8Zntx8mvwFgiXz2Pyv3q8qeD/bRZCCxr8bFIUfRtghnDRwQAHFTmIYEAAcM/Hua9t1ecmC/w+336i/lWHa+n2iHY97nPwWuA9dnw=</HostId></Error>
   http.response.header.date="Sun, 12 Oct 2025 04:56:55 GMT" http.response.header.x_amz_id_2="zd23x6o8Zntx8mvwFgiXz2Pyv3q8qeD/bRZCCxr8bFIUfRtghnDRwQAHFTmIYEAAcM/Hua9t1ecmC/w+336i/lWHa+n2iHY97nPwWuA9dnw=" http.response.header.x_amz_request_id=DFA0E78Z8KVRDM2V rpc.service=S3 tf_mux_provider="*schema.GRPCProviderServer" aws.region=us-east-2 http.duration=54 http.response.header.content_type=application/xml http.response.header.server=AmazonS3 tf_resource_type=aws_s3_bucket tf_rpc=ReadResource http.status_code=404 rpc.system=aws-api tf_aws.sdk=aws-sdk-go-v2 rpc.method=GetBucketReplication tf_aws.signing_region="" tf_provider_addr=registry.terraform.io/hashicorp/aws tf_req_id=6e99a84e-b987-0012-c12e-2de441585745 @caller=github.com/hashicorp/aws-sdk-go-base/v2@v2.0.0-beta.65/logging/tf_logger.go:45 timestamp=2025-10-11T22:56:55.516-0600
2025-10-11T22:56:55.518-0600 [DEBUG] provider.terraform-provider-aws_v5.100.0_x5.exe: request failed with unretryable error https response error StatusCode: 404, RequestID: DFA0E78Z8KVRDM2V, HostID: zd23x6o8Zntx8mvwFgiXz2Pyv3q8qeD/bRZCCxr8bFIUfRtghnDRwQAHFTmIYEAAcM/Hua9t1ecmC/w+336i/lWHa+n2iHY97nPwWuA9dnw=, api error ReplicationConfigurationNotFoundError: The replication configuration was not found: @module=aws rpc.service=S3 tf_resource_type=aws_s3_bucket aws.region=us-east-2 rpc.method=GetBucketReplication tf_provider_addr=registry.terraform.io/hashicorp/aws @caller=github.com/hashicorp/aws-sdk-go-base/v2@v2.0.0-beta.65/logging/tf_logger.go:45 rpc.system=aws-api tf_aws.sdk=aws-sdk-go-v2 tf_mux_provider="*schema.GRPCProviderServer" tf_req_id=6e99a84e-b987-0012-c12e-2de441585745 tf_rpc=ReadResource timestamp=2025-10-11T22:56:55.517-0600
2025-10-11T22:56:55.518-0600 [DEBUG] provider.terraform-provider-aws_v5.100.0_x5.exe: [DEBUG] Waiting for state to become: [success]
2025-10-11T22:56:55.520-0600 [DEBUG] provider.terraform-provider-aws_v5.100.0_x5.exe: HTTP Request Sent: http.method=GET http.request.header.amz_sdk_invocation_id=28fcb70c-f282-4ff5-8d08-d9e89c01a299 tf_req_id=6e99a84e-b987-0012-c12e-2de441585745 tf_resource_type=aws_s3_bucket http.request.header.x_amz_content_sha256=e3b0c44298fc1c149afbf4c8996fb92427ae41e4649b934ca495991b7852b855 @module=aws aws.region=us-east-2 http.request.body="" http.request.header.accept_encoding=identity http.url=https://infra-chide.s3.us-east-2.amazonaws.com/?encryption= rpc.method=GetBucketEncryption rpc.service=S3 rpc.system=aws-api tf_aws.sdk=aws-sdk-go-v2 tf_aws.signing_region="" tf_mux_provider="*schema.GRPCProviderServer" http.request.header.x_amz_date=20251012T045655Z @caller=github.com/hashicorp/aws-sdk-go-base/v2@v2.0.0-beta.65/logging/tf_logger.go:45 http.request.header.amz_sdk_request="attempt=1; max=25" http.request.header.authorization="AWS4-HMAC-SHA256 Credential=AKIA************3APN/20251012/us-east-2/s3/aws4_request, SignedHeaders=accept-encoding;amz-sdk-invocation-id;amz-sdk-request;host;x-amz-content-sha256;x-amz-date, Signature=*****" http.user_agent="APN/1.0 HashiCorp/1.0 Terraform/1.12.0 (+https://www.terraform.io) terraform-provider-aws/5.100.0 (+https://registry.terraform.io/providers/hashicorp/aws) aws-sdk-go-v2/1.36.3 ua/2.1 os/windows lang/go#1.23.10 md/GOOS#windows md/GOARCH#386 api/s3#1.80.1 m/n" net.peer.name=infra-chide.s3.us-east-2.amazonaws.com tf_provider_addr=registry.terraform.io/hashicorp/aws tf_rpc=ReadResource timestamp=2025-10-11T22:56:55.520-0600
2025-10-11T22:56:55.576-0600 [DEBUG] provider.terraform-provider-aws_v5.100.0_x5.exe: HTTP Response Received: tf_aws.signing_region="" tf_req_id=6e99a84e-b987-0012-c12e-2de441585745 tf_rpc=ReadResource @module=aws
  http.response.body=
  | <?xml version="1.0" encoding="UTF-8"?>
  | <ServerSideEncryptionConfiguration xmlns="http://s3.amazonaws.com/doc/2006-03-01/"><Rule><BucketKeyEnabled>false</BucketKeyEnabled><ApplyServerSideEncryptionByDefault><SSEAlgorithm>AES256</SSEAlgorithm></ApplyServerSideEncryptionByDefault></Rule></ServerSideEncryptionConfiguration>
   http.response.header.date="Sun, 12 Oct 2025 04:56:57 GMT" http.response.header.server=AmazonS3 http.status_code=200 rpc.method=GetBucketEncryption tf_mux_provider="*schema.GRPCProviderServer" @caller=github.com/hashicorp/aws-sdk-go-base/v2@v2.0.0-beta.65/logging/tf_logger.go:45 http.duration=55 http.response.header.x_amz_request_id=DFAD51B47979DD5V rpc.system=aws-api tf_aws.sdk=aws-sdk-go-v2 tf_provider_addr=registry.terraform.io/hashicorp/aws tf_resource_type=aws_s3_bucket aws.region=us-east-2 http.response.header.x_amz_id_2=Cr9r4v9p4F0xiHmGLniXMMujncE7guP6qngKrRY/HgOaF/46M06mmmtaeQYKhnIrKS5P54nJK5PWgXIZbbwOWCf6xaklWTEFRVQ5oIC60gc= rpc.service=S3 timestamp=2025-10-11T22:56:55.576-0600
2025-10-11T22:56:55.577-0600 [DEBUG] provider.terraform-provider-aws_v5.100.0_x5.exe: [DEBUG] Waiting for state to become: [success]
2025-10-11T22:56:55.579-0600 [DEBUG] provider.terraform-provider-aws_v5.100.0_x5.exe: HTTP Request Sent: http.request.header.authorization="AWS4-HMAC-SHA256 Credential=AKIA************3APN/20251012/us-east-2/s3/aws4_request, SignedHeaders=accept-encoding;amz-sdk-invocation-id;amz-sdk-request;host;x-amz-content-sha256;x-amz-date, Signature=*****" http.request.header.x_amz_date=20251012T045655Z net.peer.name=infra-chide.s3.us-east-2.amazonaws.com rpc.service=S3 @module=aws aws.region=us-east-2 http.method=GET http.request.body="" http.request.header.x_amz_content_sha256=e3b0c44298fc1c149afbf4c8996fb92427ae41e4649b934ca495991b7852b855 http.url=https://infra-chide.s3.us-east-2.amazonaws.com/?object-lock= tf_provider_addr=registry.terraform.io/hashicorp/aws http.request.header.accept_encoding=identity http.request.header.amz_sdk_invocation_id=6362b53f-c59b-4dfb-8e4c-43995305a1cc tf_aws.signing_region="" tf_mux_provider="*schema.GRPCProviderServer" tf_req_id=6e99a84e-b987-0012-c12e-2de441585745 tf_resource_type=aws_s3_bucket tf_rpc=ReadResource @caller=github.com/hashicorp/aws-sdk-go-base/v2@v2.0.0-beta.65/logging/tf_logger.go:45 http.request.header.amz_sdk_request="attempt=1; max=25" http.user_agent="APN/1.0 HashiCorp/1.0 Terraform/1.12.0 (+https://www.terraform.io) terraform-provider-aws/5.100.0 (+https://registry.terraform.io/providers/hashicorp/aws) aws-sdk-go-v2/1.36.3 ua/2.1 os/windows lang/go#1.23.10 md/GOOS#windows md/GOARCH#386 api/s3#1.80.1 m/n" rpc.method=GetObjectLockConfiguration rpc.system=aws-api tf_aws.sdk=aws-sdk-go-v2 timestamp=2025-10-11T22:56:55.578-0600
2025-10-11T22:56:55.660-0600 [DEBUG] provider.terraform-provider-aws_v5.100.0_x5.exe: HTTP Response Received: rpc.system=aws-api tf_mux_provider="*schema.GRPCProviderServer" tf_provider_addr=registry.terraform.io/hashicorp/aws tf_resource_type=aws_s3_bucket tf_rpc=ReadResource http.duration=80
  http.response.body=
  | <?xml version="1.0" encoding="UTF-8"?>
  | <Error><Code>ObjectLockConfigurationNotFoundError</Code><Message>Object Lock configuration does not exist for this bucket</Message><BucketName>infra-chide</BucketName><RequestId>DFACE3FEMR8AVYRW</RequestId><HostId>5xxOUu7xiytkOFMKjSYbLPRFoMcu48YaRGYko7KkgjlVVbplf/CGq0XcGdfyjFcD34HpJwt+u7WDCw8QB712+YXiu3BtIRQW7yiumrQunXQ=</HostId></Error>
   http.response.header.content_type=application/xml tf_req_id=6e99a84e-b987-0012-c12e-2de441585745 @module=aws http.status_code=404 rpc.service=S3 tf_aws.signing_region="" http.response.header.x_amz_request_id=DFACE3FEMR8AVYRW @caller=github.com/hashicorp/aws-sdk-go-base/v2@v2.0.0-beta.65/logging/tf_logger.go:45 aws.region=us-east-2 http.response.header.date="Sun, 12 Oct 2025 04:56:55 GMT" http.response.header.x_amz_id_2="5xxOUu7xiytkOFMKjSYbLPRFoMcu48YaRGYko7KkgjlVVbplf/CGq0XcGdfyjFcD34HpJwt+u7WDCw8QB712+YXiu3BtIRQW7yiumrQunXQ=" rpc.method=GetObjectLockConfiguration tf_aws.sdk=aws-sdk-go-v2 http.response.header.server=AmazonS3 timestamp=2025-10-11T22:56:55.659-0600
2025-10-11T22:56:55.660-0600 [DEBUG] provider.terraform-provider-aws_v5.100.0_x5.exe: request failed with unretryable error https response error StatusCode: 404, RequestID: DFACE3FEMR8AVYRW, HostID: 5xxOUu7xiytkOFMKjSYbLPRFoMcu48YaRGYko7KkgjlVVbplf/CGq0XcGdfyjFcD34HpJwt+u7WDCw8QB712+YXiu3BtIRQW7yiumrQunXQ=, api error ObjectLockConfigurationNotFoundError: Object Lock configuration does not exist for this bucket: @caller=github.com/hashicorp/aws-sdk-go-base/v2@v2.0.0-beta.65/logging/tf_logger.go:45 tf_req_id=6e99a84e-b987-0012-c12e-2de441585745 tf_rpc=ReadResource @module=aws aws.region=us-east-2 rpc.service=S3 tf_aws.sdk=aws-sdk-go-v2 rpc.method=GetObjectLockConfiguration rpc.system=aws-api tf_mux_provider="*schema.GRPCProviderServer" tf_provider_addr=registry.terraform.io/hashicorp/aws tf_resource_type=aws_s3_bucket timestamp=2025-10-11T22:56:55.660-0600
2025-10-11T22:56:55.662-0600 [DEBUG] provider.terraform-provider-aws_v5.100.0_x5.exe: HTTP Request Sent: @caller=github.com/hashicorp/aws-sdk-go-base/v2@v2.0.0-beta.65/logging/tf_logger.go:45 aws.s3.bucket=infra-chide http.request.header.amz_sdk_invocation_id=c07dd1d9-8bac-4d9e-bc9f-c136a520c62f http.request.header.amz_sdk_request="attempt=1; max=25" http.request.header.authorization="AWS4-HMAC-SHA256 Credential=AKIA************3APN/20251012/us-east-2/s3/aws4_request, SignedHeaders=accept-encoding;amz-sdk-invocation-id;amz-sdk-request;host;x-amz-content-sha256;x-amz-date, Signature=*****" http.user_agent="APN/1.0 HashiCorp/1.0 Terraform/1.12.0 (+https://www.terraform.io) terraform-provider-aws/5.100.0 (+https://registry.terraform.io/providers/hashicorp/aws) aws-sdk-go-v2/1.36.3 ua/2.1 os/windows lang/go#1.23.10 md/GOOS#windows md/GOARCH#386 api/s3#1.80.1 m/n" tf_aws.sdk=aws-sdk-go-v2 tf_mux_provider="*schema.GRPCProviderServer" http.request.body="" http.request.header.accept_encoding=identity http.request.header.x_amz_content_sha256=e3b0c44298fc1c149afbf4c8996fb92427ae41e4649b934ca495991b7852b855 http.url=https://infra-chide.s3.us-east-2.amazonaws.com/ rpc.method=HeadBucket rpc.service=S3 rpc.system=aws-api aws.region=us-east-2 http.request.header.x_amz_date=20251012T045655Z net.peer.name=infra-chide.s3.us-east-2.amazonaws.com tf_aws.signing_region="" tf_provider_addr=registry.terraform.io/hashicorp/aws tf_rpc=ReadResource @module=aws http.method=HEAD tf_req_id=6e99a84e-b987-0012-c12e-2de441585745 tf_resource_type=aws_s3_bucket timestamp=2025-10-11T22:56:55.661-0600
2025-10-11T22:56:55.720-0600 [DEBUG] provider.terraform-provider-aws_v5.100.0_x5.exe: HTTP Response Received: rpc.system=aws-api http.response.body="" http.response.header.x_amz_access_point_alias=false http.status_code=200 rpc.method=HeadBucket rpc.service=S3 tf_provider_addr=registry.terraform.io/hashicorp/aws tf_req_id=6e99a84e-b987-0012-c12e-2de441585745 @caller=github.com/hashicorp/aws-sdk-go-base/v2@v2.0.0-beta.65/logging/tf_logger.go:45 http.response.header.x_amz_bucket_region=us-east-2 tf_aws.sdk=aws-sdk-go-v2 tf_aws.signing_region="" tf_resource_type=aws_s3_bucket http.duration=58 http.response.header.content_type=application/xml http.response.header.server=AmazonS3 http.response.header.x_amz_request_id=DFA5RZWMX081FB4F tf_mux_provider="*schema.GRPCProviderServer" tf_rpc=ReadResource @module=aws aws.region=us-east-2 aws.s3.bucket=infra-chide http.response.header.date="Sun, 12 Oct 2025 04:56:57 GMT" http.response.header.x_amz_id_2="mkSRfWP8B2Z0RBZyb2DYa+O3D3pO53q+S2PEE84ze3EnwN1etcZrOJSotjQXTY9CErfAIYZaFF07FM4mCMc+v1nW4kRS8lu06h8IruCOeNA=" timestamp=2025-10-11T22:56:55.719-0600
2025-10-11T22:56:55.720-0600 [DEBUG] provider.terraform-provider-aws_v5.100.0_x5.exe: HTTP Request Sent: @caller=github.com/hashicorp/aws-sdk-go-base/v2@v2.0.0-beta.65/logging/tf_logger.go:45 http.method=GET http.request.header.accept_encoding=identity rpc.system=aws-api tf_req_id=6e99a84e-b987-0012-c12e-2de441585745 tf_resource_type=aws_s3_bucket http.request.body="" http.request.header.amz_sdk_invocation_id=ad8b5108-e35e-4129-a116-d69b01c244de http.request.header.x_amz_content_sha256=e3b0c44298fc1c149afbf4c8996fb92427ae41e4649b934ca495991b7852b855 rpc.method=GetBucketTagging tf_aws.sdk=aws-sdk-go-v2 tf_aws.signing_region="" tf_mux_provider="*schema.GRPCProviderServer" @module=aws aws.region=us-east-2 http.request.header.amz_sdk_request="attempt=1; max=25" http.url=https://infra-chide.s3.us-east-2.amazonaws.com/?tagging= rpc.service=S3 tf_provider_addr=registry.terraform.io/hashicorp/aws http.request.header.authorization="AWS4-HMAC-SHA256 Credential=AKIA************3APN/20251012/us-east-2/s3/aws4_request, SignedHeaders=accept-encoding;amz-sdk-invocation-id;amz-sdk-request;host;x-amz-content-sha256;x-amz-date, Signature=*****" http.request.header.x_amz_date=20251012T045655Z http.user_agent="APN/1.0 HashiCorp/1.0 Terraform/1.12.0 (+https://www.terraform.io) terraform-provider-aws/5.100.0 (+https://registry.terraform.io/providers/hashicorp/aws) aws-sdk-go-v2/1.36.3 ua/2.1 os/windows lang/go#1.23.10 md/GOOS#windows md/GOARCH#386 api/s3#1.80.1 m/n" net.peer.name=infra-chide.s3.us-east-2.amazonaws.com tf_rpc=ReadResource timestamp=2025-10-11T22:56:55.720-0600
2025-10-11T22:56:55.780-0600 [DEBUG] provider.terraform-provider-aws_v5.100.0_x5.exe: HTTP Response Received: http.duration=54
  http.response.body=
  | <?xml version="1.0" encoding="UTF-8"?>
  | <Tagging xmlns="http://s3.amazonaws.com/doc/2006-03-01/"><TagSet><Tag><Key>Project</Key><Value>terraform-backend-bootstrap</Value></Tag><Tag><Key>Environment</Key><Value>prod</Value></Tag></TagSet></Tagging>
   http.response.header.server=AmazonS3 tf_aws.sdk=aws-sdk-go-v2 tf_mux_provider="*schema.GRPCProviderServer" tf_provider_addr=registry.terraform.io/hashicorp/aws @caller=github.com/hashicorp/aws-sdk-go-base/v2@v2.0.0-beta.65/logging/tf_logger.go:45 http.response.header.x_amz_id_2="W8m7Ib9YGsNIlv3Y70cE7wleh9veb3CwxGfNF5aNw8na0GqwzSwAKvLAJwBkSLzKiX+RWC2Xi1RYqueT86HxelsD3LCITzBUTFpJoDXP7Hw=" tf_req_id=6e99a84e-b987-0012-c12e-2de441585745 http.response.header.date="Sun, 12 Oct 2025 04:56:57 GMT" rpc.method=GetBucketTagging rpc.service=S3 rpc.system=aws-api tf_rpc=ReadResource @module=aws aws.region=us-east-2 http.response.header.x_amz_request_id=DFA0ZJESR7RNKP65 http.status_code=200 tf_aws.signing_region="" tf_resource_type=aws_s3_bucket timestamp=2025-10-11T22:56:55.779-0600
2025-10-11T22:56:55.818-0600 [WARN]  Provider "registry.terraform.io/hashicorp/aws" produced an invalid plan for aws_s3_bucket.state, but we are tolerating it because it is using the legacy plugin SDK.
    The following problems may be the cause of any confusing errors from downstream operations:
      - .server_side_encryption_configuration: block count in plan (1) disagrees with count in config (0)
      - .lifecycle_rule: block count in plan (1) disagrees with count in config (0)
      - .versioning: block count in plan (1) disagrees with count in config (0)
2025-10-11T22:56:55.822-0600 [DEBUG] ReferenceTransformer: "aws_s3_bucket_versioning.state" references: []
2025-10-11T22:56:55.822-0600 [DEBUG] ReferenceTransformer: "aws_s3_bucket_ownership_controls.state" references: []
2025-10-11T22:56:55.823-0600 [DEBUG] ReferenceTransformer: "aws_s3_bucket_lifecycle_configuration.state" references: []
2025-10-11T22:56:55.823-0600 [DEBUG] ReferenceTransformer: "aws_s3_bucket_public_access_block.state" references: []
2025-10-11T22:56:55.823-0600 [DEBUG] ReferenceTransformer: "aws_s3_bucket_server_side_encryption_configuration.state" references: []
2025-10-11T22:56:55.830-0600 [DEBUG] provider.terraform-provider-aws_v5.100.0_x5.exe: [DEBUG] Waiting for state to become: [Enabled Suspended Disabled]
2025-10-11T22:56:55.830-0600 [DEBUG] provider.terraform-provider-aws_v5.100.0_x5.exe: HTTP Request Sent: http.method=GET http.request.body="" http.request.header.amz_sdk_invocation_id=0f6f9f1b-d396-43f2-84a3-fb67b642f3ec http.request.header.x_amz_content_sha256=e3b0c44298fc1c149afbf4c8996fb92427ae41e4649b934ca495991b7852b855 net.peer.name=infra-chide.s3.us-east-2.amazonaws.com rpc.service=S3 rpc.system=aws-api http.request.header.authorization="AWS4-HMAC-SHA256 Credential=AKIA************3APN/20251012/us-east-2/s3/aws4_request, SignedHeaders=accept-encoding;amz-sdk-invocation-id;amz-sdk-request;host;x-amz-content-sha256;x-amz-date, Signature=*****" http.request.header.x_amz_date=20251012T045655Z http.url=https://infra-chide.s3.us-east-2.amazonaws.com/?ownershipControls= http.user_agent="APN/1.0 HashiCorp/1.0 Terraform/1.12.0 (+https://www.terraform.io) terraform-provider-aws/5.100.0 (+https://registry.terraform.io/providers/hashicorp/aws) aws-sdk-go-v2/1.36.3 ua/2.1 os/windows lang/go#1.23.10 md/GOOS#windows md/GOARCH#386 api/s3#1.80.1 m/n" tf_aws.sdk=aws-sdk-go-v2 tf_mux_provider="*schema.GRPCProviderServer" @caller=github.com/hashicorp/aws-sdk-go-base/v2@v2.0.0-beta.65/logging/tf_logger.go:45 @module=aws http.request.header.amz_sdk_request="attempt=1; max=25" tf_aws.signing_region="" tf_provider_addr=registry.terraform.io/hashicorp/aws tf_resource_type=aws_s3_bucket_ownership_controls aws.region=us-east-2 http.request.header.accept_encoding=identity rpc.method=GetBucketOwnershipControls tf_req_id=fd29d258-8724-1a33-23d0-a0f4477ffa20 tf_rpc=ReadResource timestamp=2025-10-11T22:56:55.830-0600
2025-10-11T22:56:55.834-0600 [DEBUG] provider.terraform-provider-aws_v5.100.0_x5.exe: HTTP Request Sent: rpc.service=S3 http.method=GET http.request.body="" http.request.header.amz_sdk_request="attempt=1; max=25" tf_mux_provider="*schema.GRPCProviderServer" tf_req_id=e5b5ddad-3764-9516-d5c0-56124c7dc89e http.request.header.x_amz_content_sha256=e3b0c44298fc1c149afbf4c8996fb92427ae41e4649b934ca495991b7852b855 http.url=https://infra-chide.s3.us-east-2.amazonaws.com/?publicAccessBlock= http.user_agent="APN/1.0 HashiCorp/1.0 Terraform/1.12.0 (+https://www.terraform.io) terraform-provider-aws/5.100.0 (+https://registry.terraform.io/providers/hashicorp/aws) aws-sdk-go-v2/1.36.3 ua/2.1 os/windows lang/go#1.23.10 md/GOOS#windows md/GOARCH#386 api/s3#1.80.1 m/n" rpc.method=GetPublicAccessBlock rpc.system=aws-api tf_aws.sdk=aws-sdk-go-v2 @caller=github.com/hashicorp/aws-sdk-go-base/v2@v2.0.0-beta.65/logging/tf_logger.go:45 http.request.header.accept_encoding=identity http.request.header.authorization="AWS4-HMAC-SHA256 Credential=AKIA************3APN/20251012/us-east-2/s3/aws4_request, SignedHeaders=accept-encoding;amz-sdk-invocation-id;amz-sdk-request;host;x-amz-content-sha256;x-amz-date, Signature=*****" tf_aws.signing_region="" tf_provider_addr=registry.terraform.io/hashicorp/aws tf_resource_type=aws_s3_bucket_public_access_block tf_rpc=ReadResource @module=aws aws.region=us-east-2 http.request.header.amz_sdk_invocation_id=a82c6286-f4b1-4962-89db-67b6344b64a0 http.request.header.x_amz_date=20251012T045655Z net.peer.name=infra-chide.s3.us-east-2.amazonaws.com timestamp=2025-10-11T22:56:55.834-0600
2025-10-11T22:56:55.837-0600 [DEBUG] provider.terraform-provider-aws_v5.100.0_x5.exe: HTTP Request Sent: http.request.header.amz_sdk_request="attempt=1; max=25" http.request.header.authorization="AWS4-HMAC-SHA256 Credential=AKIA************3APN/20251012/us-east-2/s3/aws4_request, SignedHeaders=accept-encoding;amz-sdk-invocation-id;amz-sdk-request;host;x-amz-content-sha256;x-amz-date, Signature=*****" http.request.header.x_amz_content_sha256=e3b0c44298fc1c149afbf4c8996fb92427ae41e4649b934ca495991b7852b855 http.user_agent="APN/1.0 HashiCorp/1.0 Terraform/1.12.0 (+https://www.terraform.io) terraform-provider-aws/5.100.0 (+https://registry.terraform.io/providers/hashicorp/aws) aws-sdk-go-v2/1.36.3 ua/2.1 os/windows lang/go#1.23.10 md/GOOS#windows md/GOARCH#386 api/s3#1.80.1 m/n" tf_provider_addr=registry.terraform.io/hashicorp/aws http.request.body="" net.peer.name=infra-chide.s3.us-east-2.amazonaws.com tf_mux_provider="*schema.GRPCProviderServer" tf_rpc=ReadResource rpc.method=GetBucketEncryption tf_aws.sdk=aws-sdk-go-v2 tf_aws.signing_region="" tf_req_id=3d7d07e3-57b3-2aaf-274f-fdd8cd0e0503 tf_resource_type=aws_s3_bucket_server_side_encryption_configuration @caller=github.com/hashicorp/aws-sdk-go-base/v2@v2.0.0-beta.65/logging/tf_logger.go:45 @module=aws aws.region=us-east-2 http.request.header.x_amz_date=20251012T045655Z http.url=https://infra-chide.s3.us-east-2.amazonaws.com/?encryption= rpc.service=S3 rpc.system=aws-api http.method=GET http.request.header.accept_encoding=identity http.request.header.amz_sdk_invocation_id=e31030d0-dbd4-4c58-bf41-5f8f7f330196 timestamp=2025-10-11T22:56:55.836-0600
2025-10-11T22:56:55.839-0600 [DEBUG] provider.terraform-provider-aws_v5.100.0_x5.exe: [DEBUG] Waiting for state to become: [success]
2025-10-11T22:56:55.841-0600 [DEBUG] provider.terraform-provider-aws_v5.100.0_x5.exe: HTTP Request Sent: tf_aws.signing_region="" tf_req_id=2c2e271c-4b08-9342-d1dc-e277d8dcfb2a @module=aws aws.region=us-east-2 http.request.body="" http.request.header.accept_encoding=identity http.request.header.amz_sdk_request="attempt=1; max=25" rpc.service=S3 tf_provider_addr=registry.terraform.io/hashicorp/aws tf_rpc=ReadResource http.request.header.amz_sdk_invocation_id=fefae6ee-211c-4f7d-9889-b0f3b9fa0a54 http.request.header.x_amz_date=20251012T045655Z http.url=https://infra-chide.s3.us-east-2.amazonaws.com/?lifecycle= tf_aws.sdk=aws-sdk-go-v2 tf_mux_provider="*proto5server.Server" tf_resource_type=aws_s3_bucket_lifecycle_configuration http.request.header.x_amz_content_sha256=e3b0c44298fc1c149afbf4c8996fb92427ae41e4649b934ca495991b7852b855 @caller=github.com/hashicorp/aws-sdk-go-base/v2@v2.0.0-beta.65/logging/tf_logger.go:45 http.method=GET http.request.header.authorization="AWS4-HMAC-SHA256 Credential=AKIA************3APN/20251012/us-east-2/s3/aws4_request, SignedHeaders=accept-encoding;amz-sdk-invocation-id;amz-sdk-request;host;x-amz-content-sha256;x-amz-date, Signature=*****" net.peer.name=infra-chide.s3.us-east-2.amazonaws.com http.user_agent="APN/1.0 HashiCorp/1.0 Terraform/1.12.0 (+https://www.terraform.io) terraform-provider-aws/5.100.0 (+https://registry.terraform.io/providers/hashicorp/aws) aws-sdk-go-v2/1.36.3 ua/2.1 os/windows lang/go#1.23.10 md/GOOS#windows md/GOARCH#386 api/s3#1.80.1 m/n" rpc.method=GetBucketLifecycleConfiguration rpc.system=aws-api timestamp=2025-10-11T22:56:55.841-0600
2025-10-11T22:56:56.002-0600 [DEBUG] provider.terraform-provider-aws_v5.100.0_x5.exe: HTTP Response Received: tf_req_id=fd29d258-8724-1a33-23d0-a0f4477ffa20 http.status_code=200 rpc.service=S3 aws.region=us-east-2 http.duration=169 http.response.header.date="Sun, 12 Oct 2025 04:56:57 GMT" tf_mux_provider="*schema.GRPCProviderServer" tf_resource_type=aws_s3_bucket_ownership_controls tf_rpc=ReadResource @module=aws
  http.response.body=
  | <?xml version="1.0" encoding="UTF-8"?>
  | <OwnershipControls xmlns="http://s3.amazonaws.com/doc/2006-03-01/"><Rule><ObjectOwnership>BucketOwnerEnforced</ObjectOwnership></Rule></OwnershipControls>
   http.response.header.server=AmazonS3 rpc.method=GetBucketOwnershipControls tf_aws.sdk=aws-sdk-go-v2 @caller=github.com/hashicorp/aws-sdk-go-base/v2@v2.0.0-beta.65/logging/tf_logger.go:45 http.response.header.x_amz_id_2="LmqfD/mjwHOLIBoayaSJNcfPU8ufPsqVa2rLN3VAoHLtk+IsOIeiosM3MFla/u97neEgjSuIGE5Wc9wevGi7AKe9TO9unWhtoTMTinZwkzw=" http.response.header.x_amz_request_id=DFA8HMR550E3ZN15 http.response_content_length=193 rpc.system=aws-api tf_aws.signing_region="" tf_provider_addr=registry.terraform.io/hashicorp/aws timestamp=2025-10-11T22:56:56.000-0600
2025-10-11T22:56:56.059-0600 [DEBUG] provider.terraform-provider-aws_v5.100.0_x5.exe: HTTP Response Received: aws.region=us-east-2 http.response.header.server=AmazonS3 http.response.header.x_amz_id_2="4KIMNKyW7+N/0HbVXKwIUjHUZgU2/LfvQvk42JvEsxxzObKVbbJHC9eTm5caQGlX85fpYbMzbnP1fii34i5nB40OBd4iUmMbtVyjtKrk4K8=" tf_mux_provider="*schema.GRPCProviderServer" tf_provider_addr=registry.terraform.io/hashicorp/aws @caller=github.com/hashicorp/aws-sdk-go-base/v2@v2.0.0-beta.65/logging/tf_logger.go:45 @module=aws http.response.header.date="Sun, 12 Oct 2025 04:56:57 GMT" http.response.header.x_amz_request_id=DFA26Z7SJW1ZZBE0 rpc.method=GetPublicAccessBlock rpc.service=S3 tf_resource_type=aws_s3_bucket_public_access_block http.duration=225
  http.response.body=
  | <?xml version="1.0" encoding="UTF-8"?>
  | <PublicAccessBlockConfiguration xmlns="http://s3.amazonaws.com/doc/2006-03-01/"><BlockPublicAcls>true</BlockPublicAcls><IgnorePublicAcls>true</IgnorePublicAcls><BlockPublicPolicy>true</BlockPublicPolicy><RestrictPublicBuckets>true</RestrictPublicBuckets></PublicAccessBlockConfiguration>
   tf_aws.signing_region="" http.status_code=200 rpc.system=aws-api tf_aws.sdk=aws-sdk-go-v2 tf_req_id=e5b5ddad-3764-9516-d5c0-56124c7dc89e tf_rpc=ReadResource timestamp=2025-10-11T22:56:56.059-0600
2025-10-11T22:56:56.115-0600 [DEBUG] provider.terraform-provider-aws_v5.100.0_x5.exe: HTTP Response Received: rpc.service=S3 tf_aws.sdk=aws-sdk-go-v2 tf_aws.signing_region="" tf_resource_type=aws_s3_bucket_server_side_encryption_configuration @caller=github.com/hashicorp/aws-sdk-go-base/v2@v2.0.0-beta.65/logging/tf_logger.go:45 http.response.header.server=AmazonS3 http.response.header.x_amz_id_2=yvKvQl0A5ZSqhFRfmDgDFm53xsK1yFpnWAvw6zRtVds1AWCqcZEWf1QDzVQ62GnjCBPXN8myQ2BO7PSaUiElAA== tf_mux_provider="*schema.GRPCProviderServer" tf_req_id=3d7d07e3-57b3-2aaf-274f-fdd8cd0e0503 rpc.method=GetBucketEncryption rpc.system=aws-api @module=aws
  http.response.body=
  | <?xml version="1.0" encoding="UTF-8"?>
  | <ServerSideEncryptionConfiguration xmlns="http://s3.amazonaws.com/doc/2006-03-01/"><Rule><BucketKeyEnabled>false</BucketKeyEnabled><ApplyServerSideEncryptionByDefault><SSEAlgorithm>AES256</SSEAlgorithm></ApplyServerSideEncryptionByDefault></Rule></ServerSideEncryptionConfiguration>
   http.response.header.date="Sun, 12 Oct 2025 04:56:57 GMT" http.response.header.x_amz_request_id=DFA8SYZ4JHP6D774 http.status_code=200 tf_provider_addr=registry.terraform.io/hashicorp/aws tf_rpc=ReadResource aws.region=us-east-2 http.duration=274 timestamp=2025-10-11T22:56:56.115-0600
2025-10-11T22:56:56.127-0600 [WARN]  Provider "registry.terraform.io/hashicorp/aws" produced an invalid plan for aws_s3_bucket_server_side_encryption_configuration.state, but we are tolerating it because it is using the legacy plugin SDK.
    The following problems may be the cause of any confusing errors from downstream operations:
      - .expected_bucket_owner: planned value cty.StringVal("") for a non-computed attribute
2025-10-11T22:56:56.129-0600 [DEBUG] provider.terraform-provider-aws_v5.100.0_x5.exe: HTTP Response Received: rpc.system=aws-api tf_mux_provider="*proto5server.Server" http.response.header.x_amz_transition_default_minimum_object_size=all_storage_classes_128K tf_aws.sdk=aws-sdk-go-v2 tf_aws.signing_region="" tf_resource_type=aws_s3_bucket_lifecycle_configuration tf_rpc=ReadResource @module=aws http.response.header.date="Sun, 12 Oct 2025 04:56:57 GMT" http.response.header.x_amz_request_id=DFADSDSNBA7K2W8C http.response_content_length=336 http.status_code=200 rpc.service=S3 @caller=github.com/hashicorp/aws-sdk-go-base/v2@v2.0.0-beta.65/logging/tf_logger.go:45 http.duration=287
  http.response.body=
  | <?xml version="1.0" encoding="UTF-8"?>
  | <LifecycleConfiguration xmlns="http://s3.amazonaws.com/doc/2006-03-01/"><Rule><ID>expire-noncurrent-versions</ID><Filter><Prefix></Prefix></Filter><Status>Enabled</Status><NoncurrentVersionExpiration><NoncurrentDays>90</NoncurrentDays></NoncurrentVersionExpiration></Rule></LifecycleConfiguration>
   http.response.header.server=AmazonS3 http.response.header.x_amz_id_2="+YGrIGeipm4uIfaq4HBbVr8w6QhSQQ3RHjU5GWbSSDtdM18qeJWv4+CIjaBG/2KC13OTE97OCI1jN0SSnewyJg==" tf_provider_addr=registry.terraform.io/hashicorp/aws tf_req_id=2c2e271c-4b08-9342-d1dc-e277d8dcfb2a aws.region=us-east-2 rpc.method=GetBucketLifecycleConfiguration timestamp=2025-10-11T22:56:56.129-0600
2025-10-11T22:56:56.635-0600 [DEBUG] provider.terraform-provider-aws_v5.100.0_x5.exe: HTTP Request Sent: http.user_agent="APN/1.0 HashiCorp/1.0 Terraform/1.12.0 (+https://www.terraform.io) terraform-provider-aws/5.100.0 (+https://registry.terraform.io/providers/hashicorp/aws) aws-sdk-go-v2/1.36.3 ua/2.1 os/windows lang/go#1.23.10 md/GOOS#windows md/GOARCH#386 api/s3#1.80.1 m/n" tf_aws.sdk=aws-sdk-go-v2 tf_rpc=ReadResource http.request.header.x_amz_content_sha256=e3b0c44298fc1c149afbf4c8996fb92427ae41e4649b934ca495991b7852b855 http.method=GET http.request.header.amz_sdk_invocation_id=4f593ed1-3bd6-4727-9d44-d7c1ed865336 http.request.header.authorization="AWS4-HMAC-SHA256 Credential=AKIA************3APN/20251012/us-east-2/s3/aws4_request, SignedHeaders=accept-encoding;amz-sdk-invocation-id;amz-sdk-request;host;x-amz-content-sha256;x-amz-date, Signature=*****" rpc.method=GetBucketLifecycleConfiguration rpc.system=aws-api tf_provider_addr=registry.terraform.io/hashicorp/aws @caller=github.com/hashicorp/aws-sdk-go-base/v2@v2.0.0-beta.65/logging/tf_logger.go:45 http.request.header.amz_sdk_request="attempt=1; max=25" http.request.header.x_amz_date=20251012T045656Z net.peer.name=infra-chide.s3.us-east-2.amazonaws.com rpc.service=S3 tf_aws.signing_region="" tf_req_id=2c2e271c-4b08-9342-d1dc-e277d8dcfb2a aws.region=us-east-2 http.request.body="" http.request.header.accept_encoding=identity tf_mux_provider="*proto5server.Server" tf_resource_type=aws_s3_bucket_lifecycle_configuration @module=aws http.url=https://infra-chide.s3.us-east-2.amazonaws.com/?lifecycle= timestamp=2025-10-11T22:56:56.634-0600
2025-10-11T22:56:56.715-0600 [DEBUG] provider.terraform-provider-aws_v5.100.0_x5.exe: HTTP Response Received: http.response.header.server=AmazonS3 http.response.header.x_amz_id_2="DWt08eZJPEMUxtvTq8+cRgfRFq+QqT3T6a0xMxUDqLmacz48TN8ZMDTKw2djwEJf2d4VoQYxqZKXrkO1Wy/hSQ==" http.response.header.x_amz_transition_default_minimum_object_size=all_storage_classes_128K http.status_code=200 rpc.system=aws-api @module=aws rpc.method=GetBucketLifecycleConfiguration tf_aws.sdk=aws-sdk-go-v2 tf_aws.signing_region="" tf_provider_addr=registry.terraform.io/hashicorp/aws tf_req_id=2c2e271c-4b08-9342-d1dc-e277d8dcfb2a @caller=github.com/hashicorp/aws-sdk-go-base/v2@v2.0.0-beta.65/logging/tf_logger.go:45 aws.region=us-east-2 http.response.header.date="Sun, 12 Oct 2025 04:56:58 GMT" http.response.header.x_amz_request_id=9Z3ETC5MYETM5SFB rpc.service=S3 tf_resource_type=aws_s3_bucket_lifecycle_configuration http.response_content_length=336 tf_mux_provider="*proto5server.Server" tf_rpc=ReadResource http.duration=78
  http.response.body=
  | <?xml version="1.0" encoding="UTF-8"?>
  | <LifecycleConfiguration xmlns="http://s3.amazonaws.com/doc/2006-03-01/"><Rule><ID>expire-noncurrent-versions</ID><Filter><Prefix></Prefix></Filter><Status>Enabled</Status><NoncurrentVersionExpiration><NoncurrentDays>90</NoncurrentDays></NoncurrentVersionExpiration></Rule></LifecycleConfiguration>
   timestamp=2025-10-11T22:56:56.714-0600
2025-10-11T22:56:56.723-0600 [DEBUG] provider.terraform-provider-aws_v5.100.0_x5.exe: Value switched to prior value due to semantic equality logic: tf_attribute_path=bucket tf_provider_addr=registry.terraform.io/hashicorp/aws tf_req_id=2c2e271c-4b08-9342-d1dc-e277d8dcfb2a tf_resource_type=aws_s3_bucket_lifecycle_configuration tf_rpc=ReadResource @caller=github.com/hashicorp/terraform-plugin-framework@v1.14.1/internal/fwschemadata/value_semantic_equality.go:91 tf_mux_provider="*proto5server.Server" @module=sdk.framework timestamp=2025-10-11T22:56:56.721-0600
2025-10-11T22:56:56.723-0600 [DEBUG] provider.terraform-provider-aws_v5.100.0_x5.exe: Value switched to prior value due to semantic equality logic: tf_attribute_path=expected_bucket_owner tf_mux_provider="*proto5server.Server" tf_req_id=2c2e271c-4b08-9342-d1dc-e277d8dcfb2a tf_resource_type=aws_s3_bucket_lifecycle_configuration @caller=github.com/hashicorp/terraform-plugin-framework@v1.14.1/internal/fwschemadata/value_semantic_equality.go:91 @module=sdk.framework tf_provider_addr=registry.terraform.io/hashicorp/aws tf_rpc=ReadResource timestamp=2025-10-11T22:56:56.723-0600
2025-10-11T22:56:56.723-0600 [DEBUG] provider.terraform-provider-aws_v5.100.0_x5.exe: Value switched to prior value due to semantic equality logic: @module=sdk.framework tf_provider_addr=registry.terraform.io/hashicorp/aws tf_attribute_path=id tf_mux_provider="*proto5server.Server" tf_req_id=2c2e271c-4b08-9342-d1dc-e277d8dcfb2a tf_resource_type=aws_s3_bucket_lifecycle_configuration tf_rpc=ReadResource @caller=github.com/hashicorp/terraform-plugin-framework@v1.14.1/internal/fwschemadata/value_semantic_equality.go:91 timestamp=2025-10-11T22:56:56.723-0600
2025-10-11T22:56:56.723-0600 [DEBUG] provider.terraform-provider-aws_v5.100.0_x5.exe: Value switched to prior value due to semantic equality logic: tf_req_id=2c2e271c-4b08-9342-d1dc-e277d8dcfb2a tf_rpc=ReadResource @caller=github.com/hashicorp/terraform-plugin-framework@v1.14.1/internal/fwschemadata/value_semantic_equality.go:91 tf_attribute_path=transition_default_minimum_object_size tf_mux_provider="*proto5server.Server" tf_provider_addr=registry.terraform.io/hashicorp/aws tf_resource_type=aws_s3_bucket_lifecycle_configuration @module=sdk.framework timestamp=2025-10-11T22:56:56.723-0600
2025-10-11T22:56:56.727-0600 [DEBUG] provider.terraform-provider-aws_v5.100.0_x5.exe: Value switched to prior value due to semantic equality logic: @module=sdk.framework tf_attribute_path=rule[0].prefix tf_mux_provider="*proto5server.Server" tf_req_id=2c2e271c-4b08-9342-d1dc-e277d8dcfb2a tf_resource_type=aws_s3_bucket_lifecycle_configuration @caller=github.com/hashicorp/terraform-plugin-framework@v1.14.1/internal/fwschemadata/value_semantic_equality.go:91 tf_provider_addr=registry.terraform.io/hashicorp/aws tf_rpc=ReadResource timestamp=2025-10-11T22:56:56.726-0600
2025-10-11T22:56:56.728-0600 [DEBUG] provider.terraform-provider-aws_v5.100.0_x5.exe: Value switched to prior value due to semantic equality logic: @module=sdk.framework tf_mux_provider="*proto5server.Server" tf_resource_type=aws_s3_bucket_lifecycle_configuration @caller=github.com/hashicorp/terraform-plugin-framework@v1.14.1/internal/fwschemadata/value_semantic_equality.go:91 tf_attribute_path=rule[0].filter[0].prefix tf_provider_addr=registry.terraform.io/hashicorp/aws tf_req_id=2c2e271c-4b08-9342-d1dc-e277d8dcfb2a tf_rpc=ReadResource timestamp=2025-10-11T22:56:56.727-0600
2025-10-11T22:56:56.728-0600 [DEBUG] provider.terraform-provider-aws_v5.100.0_x5.exe: Value switched to prior value due to semantic equality logic: @module=sdk.framework tf_mux_provider="*proto5server.Server" tf_provider_addr=registry.terraform.io/hashicorp/aws tf_req_id=2c2e271c-4b08-9342-d1dc-e277d8dcfb2a tf_resource_type=aws_s3_bucket_lifecycle_configuration tf_rpc=ReadResource @caller=github.com/hashicorp/terraform-plugin-framework@v1.14.1/internal/fwschemadata/value_semantic_equality.go:91 tf_attribute_path=rule[0].filter[0] timestamp=2025-10-11T22:56:56.727-0600
2025-10-11T22:56:56.728-0600 [DEBUG] provider.terraform-provider-aws_v5.100.0_x5.exe: Value switched to prior value due to semantic equality logic: tf_mux_provider="*proto5server.Server" tf_provider_addr=registry.terraform.io/hashicorp/aws tf_req_id=2c2e271c-4b08-9342-d1dc-e277d8dcfb2a tf_resource_type=aws_s3_bucket_lifecycle_configuration tf_rpc=ReadResource @caller=github.com/hashicorp/terraform-plugin-framework@v1.14.1/internal/fwschemadata/value_semantic_equality.go:91 @module=sdk.framework tf_attribute_path=rule[0].filter timestamp=2025-10-11T22:56:56.727-0600
2025-10-11T22:56:56.728-0600 [DEBUG] provider.terraform-provider-aws_v5.100.0_x5.exe: Value switched to prior value due to semantic equality logic: @caller=github.com/hashicorp/terraform-plugin-framework@v1.14.1/internal/fwschemadata/value_semantic_equality.go:91 @module=sdk.framework tf_mux_provider="*proto5server.Server" tf_req_id=2c2e271c-4b08-9342-d1dc-e277d8dcfb2a tf_rpc=ReadResource tf_attribute_path=rule[0].id tf_provider_addr=registry.terraform.io/hashicorp/aws tf_resource_type=aws_s3_bucket_lifecycle_configuration timestamp=2025-10-11T22:56:56.727-0600
2025-10-11T22:56:56.728-0600 [DEBUG] provider.terraform-provider-aws_v5.100.0_x5.exe: Value switched to prior value due to semantic equality logic: @caller=github.com/hashicorp/terraform-plugin-framework@v1.14.1/internal/fwschemadata/value_semantic_equality.go:91 tf_attribute_path=rule[0].status tf_mux_provider="*proto5server.Server" tf_provider_addr=registry.terraform.io/hashicorp/aws tf_resource_type=aws_s3_bucket_lifecycle_configuration @module=sdk.framework tf_req_id=2c2e271c-4b08-9342-d1dc-e277d8dcfb2a tf_rpc=ReadResource timestamp=2025-10-11T22:56:56.727-0600
2025-10-11T22:56:56.730-0600 [DEBUG] provider.terraform-provider-aws_v5.100.0_x5.exe: Value switched to prior value due to semantic equality logic: @caller=github.com/hashicorp/terraform-plugin-framework@v1.14.1/internal/fwschemadata/value_semantic_equality.go:91 @module=sdk.framework tf_mux_provider="*proto5server.Server" tf_provider_addr=registry.terraform.io/hashicorp/aws tf_req_id=2c2e271c-4b08-9342-d1dc-e277d8dcfb2a tf_resource_type=aws_s3_bucket_lifecycle_configuration tf_attribute_path=rule[0].noncurrent_version_expiration[0].noncurrent_days tf_rpc=ReadResource timestamp=2025-10-11T22:56:56.729-0600
2025-10-11T22:56:56.730-0600 [DEBUG] provider.terraform-provider-aws_v5.100.0_x5.exe: Value switched to prior value due to semantic equality logic: tf_mux_provider="*proto5server.Server" tf_req_id=2c2e271c-4b08-9342-d1dc-e277d8dcfb2a tf_attribute_path=rule[0].noncurrent_version_expiration[0] tf_provider_addr=registry.terraform.io/hashicorp/aws tf_resource_type=aws_s3_bucket_lifecycle_configuration tf_rpc=ReadResource @caller=github.com/hashicorp/terraform-plugin-framework@v1.14.1/internal/fwschemadata/value_semantic_equality.go:91 @module=sdk.framework timestamp=2025-10-11T22:56:56.729-0600
2025-10-11T22:56:56.730-0600 [DEBUG] provider.terraform-provider-aws_v5.100.0_x5.exe: Value switched to prior value due to semantic equality logic: @caller=github.com/hashicorp/terraform-plugin-framework@v1.14.1/internal/fwschemadata/value_semantic_equality.go:91 @module=sdk.framework tf_attribute_path=rule[0].noncurrent_version_expiration tf_mux_provider="*proto5server.Server" tf_req_id=2c2e271c-4b08-9342-d1dc-e277d8dcfb2a tf_provider_addr=registry.terraform.io/hashicorp/aws tf_resource_type=aws_s3_bucket_lifecycle_configuration tf_rpc=ReadResource timestamp=2025-10-11T22:56:56.729-0600
2025-10-11T22:56:56.730-0600 [DEBUG] provider.terraform-provider-aws_v5.100.0_x5.exe: Value switched to prior value due to semantic equality logic: @caller=github.com/hashicorp/terraform-plugin-framework@v1.14.1/internal/fwschemadata/value_semantic_equality.go:91 @module=sdk.framework tf_resource_type=aws_s3_bucket_lifecycle_configuration tf_rpc=ReadResource tf_attribute_path=rule[0] tf_mux_provider="*proto5server.Server" tf_provider_addr=registry.terraform.io/hashicorp/aws tf_req_id=2c2e271c-4b08-9342-d1dc-e277d8dcfb2a timestamp=2025-10-11T22:56:56.729-0600
2025-10-11T22:56:56.730-0600 [DEBUG] provider.terraform-provider-aws_v5.100.0_x5.exe: Value switched to prior value due to semantic equality logic: tf_provider_addr=registry.terraform.io/hashicorp/aws tf_req_id=2c2e271c-4b08-9342-d1dc-e277d8dcfb2a tf_rpc=ReadResource @caller=github.com/hashicorp/terraform-plugin-framework@v1.14.1/internal/fwschemadata/value_semantic_equality.go:91 tf_mux_provider="*proto5server.Server" tf_resource_type=aws_s3_bucket_lifecycle_configuration @module=sdk.framework tf_attribute_path=rule timestamp=2025-10-11T22:56:56.729-0600
2025-10-11T22:56:56.831-0600 [DEBUG] provider.terraform-provider-aws_v5.100.0_x5.exe: HTTP Request Sent: http.request.header.x_amz_content_sha256=e3b0c44298fc1c149afbf4c8996fb92427ae41e4649b934ca495991b7852b855 aws.region=us-east-2 http.request.header.accept_encoding=identity http.user_agent="APN/1.0 HashiCorp/1.0 Terraform/1.12.0 (+https://www.terraform.io) terraform-provider-aws/5.100.0 (+https://registry.terraform.io/providers/hashicorp/aws) aws-sdk-go-v2/1.36.3 ua/2.1 os/windows lang/go#1.23.10 md/GOOS#windows md/GOARCH#386 api/s3#1.80.1 m/n" net.peer.name=infra-chide.s3.us-east-2.amazonaws.com tf_aws.signing_region="" http.request.header.amz_sdk_request="attempt=1; max=25" http.request.header.authorization="AWS4-HMAC-SHA256 Credential=AKIA************3APN/20251012/us-east-2/s3/aws4_request, SignedHeaders=accept-encoding;amz-sdk-invocation-id;amz-sdk-request;host;x-amz-content-sha256;x-amz-date, Signature=*****" http.url=https://infra-chide.s3.us-east-2.amazonaws.com/?versioning= rpc.system=aws-api tf_mux_provider="*schema.GRPCProviderServer" tf_rpc=ReadResource http.request.header.x_amz_date=20251012T045656Z @caller=github.com/hashicorp/aws-sdk-go-base/v2@v2.0.0-beta.65/logging/tf_logger.go:45 @module=aws http.request.body="" rpc.service=S3 tf_aws.sdk=aws-sdk-go-v2 http.method=GET http.request.header.amz_sdk_invocation_id=76ef0bec-1c43-4d0a-a338-3374839aeece rpc.method=GetBucketVersioning tf_provider_addr=registry.terraform.io/hashicorp/aws tf_req_id=7f86bcd1-9d0f-1f17-2ec0-95591645739b tf_resource_type=aws_s3_bucket_versioning timestamp=2025-10-11T22:56:56.830-0600
2025-10-11T22:56:56.894-0600 [DEBUG] provider.terraform-provider-aws_v5.100.0_x5.exe: HTTP Response Received: rpc.method=GetBucketVersioning @caller=github.com/hashicorp/aws-sdk-go-base/v2@v2.0.0-beta.65/logging/tf_logger.go:45 http.duration=61 http.response.header.x_amz_id_2="5Qj2Tz5IsnCSsg7lZsn/SrH+lJSSCAVlpM42lFUtCQjeR0UJVPoykuxbJhCH30QrvJ56NjvJCcLDKsJNcqn2mg==" http.status_code=200 rpc.service=S3 tf_req_id=7f86bcd1-9d0f-1f17-2ec0-95591645739b @module=aws http.response.header.server=AmazonS3 http.response.header.x_amz_request_id=9Z35SF2ACGPQKEXV rpc.system=aws-api aws.region=us-east-2
  http.response.body=
  | <?xml version="1.0" encoding="UTF-8"?>
  | <VersioningConfiguration xmlns="http://s3.amazonaws.com/doc/2006-03-01/"><Status>Enabled</Status></VersioningConfiguration>
   tf_aws.signing_region="" tf_provider_addr=registry.terraform.io/hashicorp/aws tf_resource_type=aws_s3_bucket_versioning tf_rpc=ReadResource http.response.header.date="Sun, 12 Oct 2025 04:56:58 GMT" tf_aws.sdk=aws-sdk-go-v2 tf_mux_provider="*schema.GRPCProviderServer" timestamp=2025-10-11T22:56:56.892-0600
2025-10-11T22:56:56.995-0600 [DEBUG] provider.terraform-provider-aws_v5.100.0_x5.exe: HTTP Request Sent: http.request.header.accept_encoding=identity http.request.header.amz_sdk_request="attempt=1; max=25" http.request.header.authorization="AWS4-HMAC-SHA256 Credential=AKIA************3APN/20251012/us-east-2/s3/aws4_request, SignedHeaders=accept-encoding;amz-sdk-invocation-id;amz-sdk-request;host;x-amz-content-sha256;x-amz-date, Signature=*****" http.url=https://infra-chide.s3.us-east-2.amazonaws.com/?versioning= tf_req_id=7f86bcd1-9d0f-1f17-2ec0-95591645739b @module=aws rpc.method=GetBucketVersioning rpc.service=S3 tf_provider_addr=registry.terraform.io/hashicorp/aws tf_rpc=ReadResource http.method=GET http.request.header.x_amz_content_sha256=e3b0c44298fc1c149afbf4c8996fb92427ae41e4649b934ca495991b7852b855 http.user_agent="APN/1.0 HashiCorp/1.0 Terraform/1.12.0 (+https://www.terraform.io) terraform-provider-aws/5.100.0 (+https://registry.terraform.io/providers/hashicorp/aws) aws-sdk-go-v2/1.36.3 ua/2.1 os/windows lang/go#1.23.10 md/GOOS#windows md/GOARCH#386 api/s3#1.80.1 m/n" net.peer.name=infra-chide.s3.us-east-2.amazonaws.com tf_aws.signing_region="" tf_resource_type=aws_s3_bucket_versioning @caller=github.com/hashicorp/aws-sdk-go-base/v2@v2.0.0-beta.65/logging/tf_logger.go:45 http.request.header.amz_sdk_invocation_id=a2f676e4-09b5-4c70-ae67-15711d7a9d12 http.request.header.x_amz_date=20251012T045656Z rpc.system=aws-api tf_aws.sdk=aws-sdk-go-v2 tf_mux_provider="*schema.GRPCProviderServer" aws.region=us-east-2 http.request.body="" timestamp=2025-10-11T22:56:56.994-0600
2025-10-11T22:56:57.055-0600 [DEBUG] provider.terraform-provider-aws_v5.100.0_x5.exe: HTTP Response Received: rpc.method=GetBucketVersioning tf_aws.sdk=aws-sdk-go-v2 aws.region=us-east-2 http.response.header.server=AmazonS3 http.response.header.x_amz_id_2="MT56ARPrF01P675GmOHVvnCliptCVBncjE/QPAx8kA5GZj4V8lBOVWZWb56Zj7s2eB4qWT7/xw2I+rFw4DTW0A==" tf_aws.signing_region="" tf_mux_provider="*schema.GRPCProviderServer" tf_provider_addr=registry.terraform.io/hashicorp/aws http.status_code=200 tf_resource_type=aws_s3_bucket_versioning http.duration=60 rpc.service=S3 rpc.system=aws-api tf_req_id=7f86bcd1-9d0f-1f17-2ec0-95591645739b tf_rpc=ReadResource @caller=github.com/hashicorp/aws-sdk-go-base/v2@v2.0.0-beta.65/logging/tf_logger.go:45 @module=aws
  http.response.body=
  | <?xml version="1.0" encoding="UTF-8"?>
  | <VersioningConfiguration xmlns="http://s3.amazonaws.com/doc/2006-03-01/"><Status>Enabled</Status></VersioningConfiguration>
   http.response.header.date="Sun, 12 Oct 2025 04:56:58 GMT" http.response.header.x_amz_request_id=9Z3FP5ERF2M027CA timestamp=2025-10-11T22:56:57.055-0600
2025-10-11T22:56:57.157-0600 [DEBUG] provider.terraform-provider-aws_v5.100.0_x5.exe: HTTP Request Sent: tf_req_id=7f86bcd1-9d0f-1f17-2ec0-95591645739b @caller=github.com/hashicorp/aws-sdk-go-base/v2@v2.0.0-beta.65/logging/tf_logger.go:45 http.request.header.amz_sdk_request="attempt=1; max=25" rpc.system=aws-api tf_aws.signing_region="" tf_resource_type=aws_s3_bucket_versioning aws.region=us-east-2 http.method=GET http.request.header.amz_sdk_invocation_id=3edc799b-1653-4144-bfaa-ad30c2e1ffd0 http.url=https://infra-chide.s3.us-east-2.amazonaws.com/?versioning= rpc.method=GetBucketVersioning tf_mux_provider="*schema.GRPCProviderServer" @module=aws http.request.body="" http.user_agent="APN/1.0 HashiCorp/1.0 Terraform/1.12.0 (+https://www.terraform.io) terraform-provider-aws/5.100.0 (+https://registry.terraform.io/providers/hashicorp/aws) aws-sdk-go-v2/1.36.3 ua/2.1 os/windows lang/go#1.23.10 md/GOOS#windows md/GOARCH#386 api/s3#1.80.1 m/n" rpc.service=S3 tf_rpc=ReadResource http.request.header.accept_encoding=identity http.request.header.authorization="AWS4-HMAC-SHA256 Credential=AKIA************3APN/20251012/us-east-2/s3/aws4_request, SignedHeaders=accept-encoding;amz-sdk-invocation-id;amz-sdk-request;host;x-amz-content-sha256;x-amz-date, Signature=*****" http.request.header.x_amz_content_sha256=e3b0c44298fc1c149afbf4c8996fb92427ae41e4649b934ca495991b7852b855 http.request.header.x_amz_date=20251012T045657Z net.peer.name=infra-chide.s3.us-east-2.amazonaws.com tf_aws.sdk=aws-sdk-go-v2 tf_provider_addr=registry.terraform.io/hashicorp/aws timestamp=2025-10-11T22:56:57.156-0600
2025-10-11T22:56:57.216-0600 [DEBUG] provider.terraform-provider-aws_v5.100.0_x5.exe: HTTP Response Received: http.status_code=200 rpc.method=GetBucketVersioning tf_mux_provider="*schema.GRPCProviderServer" http.response.header.server=AmazonS3 http.response.header.x_amz_request_id=9Z322EZ4HYE1XA4A rpc.service=S3 rpc.system=aws-api tf_aws.signing_region="" tf_req_id=7f86bcd1-9d0f-1f17-2ec0-95591645739b @caller=github.com/hashicorp/aws-sdk-go-base/v2@v2.0.0-beta.65/logging/tf_logger.go:45 http.response.header.date="Sun, 12 Oct 2025 04:56:58 GMT" tf_aws.sdk=aws-sdk-go-v2 tf_rpc=ReadResource @module=aws aws.region=us-east-2 http.duration=59
  http.response.body=
  | <?xml version="1.0" encoding="UTF-8"?>
  | <VersioningConfiguration xmlns="http://s3.amazonaws.com/doc/2006-03-01/"><Status>Enabled</Status></VersioningConfiguration>
   tf_provider_addr=registry.terraform.io/hashicorp/aws tf_resource_type=aws_s3_bucket_versioning http.response.header.x_amz_id_2=ZeZIqem3kjN6/DEuqmMVBurESh3Uu81I323L9YB00Lg9cVYRNqb8xxhl7aEYfZnKvhjH/FCx997gGkXUB5Nnhg== timestamp=2025-10-11T22:56:57.216-0600
2025-10-11T22:56:57.223-0600 [WARN]  Provider "registry.terraform.io/hashicorp/aws" produced an invalid plan for aws_s3_bucket_versioning.state, but we are tolerating it because it is using the legacy plugin SDK.
    The following problems may be the cause of any confusing errors from downstream operations:
      - .expected_bucket_owner: planned value cty.StringVal("") for a non-computed attribute
2025-10-11T22:56:57.225-0600 [DEBUG] provider.stdio: received EOF, stopping recv loop: err="rpc error: code = Unavailable desc = error reading from server: EOF"
2025-10-11T22:56:57.298-0600 [INFO]  provider: plugin process exited: plugin=.terraform/providers/registry.terraform.io/hashicorp/aws/5.100.0/windows_386/terraform-provider-aws_v5.100.0_x5.exe id=11176
2025-10-11T22:56:57.298-0600 [DEBUG] provider: plugin exited
2025-10-11T22:56:57.305-0600 [DEBUG] no planned changes, skipping apply graph check
2025-10-11T22:56:57.848-0600 [INFO]  backend/local: apply calling Apply
2025-10-11T22:56:57.853-0600 [DEBUG] Building and walking apply graph for NormalMode plan
2025-10-11T22:56:57.857-0600 [DEBUG] ProviderTransformer: "aws_s3_bucket_lifecycle_configuration.state (expand)" (*terraform.nodeExpandApplyableResource) needs provider["registry.terraform.io/hashicorp/aws"]
2025-10-11T22:56:57.857-0600 [DEBUG] ProviderTransformer: "aws_s3_bucket.state (expand)" (*terraform.nodeExpandApplyableResource) needs provider["registry.terraform.io/hashicorp/aws"]
2025-10-11T22:56:57.857-0600 [DEBUG] ProviderTransformer: "aws_s3_bucket_public_access_block.state (expand)" (*terraform.nodeExpandApplyableResource) needs provider["registry.terraform.io/hashicorp/aws"]
2025-10-11T22:56:57.857-0600 [DEBUG] ProviderTransformer: "aws_s3_bucket_ownership_controls.state (expand)" (*terraform.nodeExpandApplyableResource) needs provider["registry.terraform.io/hashicorp/aws"]
2025-10-11T22:56:57.857-0600 [DEBUG] ProviderTransformer: "aws_s3_bucket_versioning.state (expand)" (*terraform.nodeExpandApplyableResource) needs provider["registry.terraform.io/hashicorp/aws"]
2025-10-11T22:56:57.857-0600 [DEBUG] ProviderTransformer: "aws_dynamodb_table.locks (expand)" (*terraform.nodeExpandApplyableResource) needs provider["registry.terraform.io/hashicorp/aws"]
2025-10-11T22:56:57.857-0600 [DEBUG] ProviderTransformer: "aws_s3_bucket_server_side_encryption_configuration.state (expand)" (*terraform.nodeExpandApplyableResource) needs provider["registry.terraform.io/hashicorp/aws"]
2025-10-11T22:56:57.861-0600 [DEBUG] ReferenceTransformer: "aws_s3_bucket_lifecycle_configuration.state (expand)" references: [aws_s3_bucket.state (expand)]
2025-10-11T22:56:57.861-0600 [DEBUG] ReferenceTransformer: "aws_s3_bucket.state (expand)" references: [var.force_destroy var.bucket_name var.tags]
2025-10-11T22:56:57.861-0600 [DEBUG] ReferenceTransformer: "aws_s3_bucket_public_access_block.state (expand)" references: [aws_s3_bucket.state (expand)]
2025-10-11T22:56:57.861-0600 [DEBUG] ReferenceTransformer: "var.bucket_name" references: []
2025-10-11T22:56:57.861-0600 [DEBUG] ReferenceTransformer: "var.enable_versioning" references: []
2025-10-11T22:56:57.861-0600 [DEBUG] ReferenceTransformer: "var.kms_key_id" references: []
2025-10-11T22:56:57.861-0600 [DEBUG] ReferenceTransformer: "var.region" references: []
2025-10-11T22:56:57.861-0600 [DEBUG] ReferenceTransformer: "aws_s3_bucket_ownership_controls.state (expand)" references: [aws_s3_bucket.state (expand)]
2025-10-11T22:56:57.861-0600 [DEBUG] ReferenceTransformer: "var.force_destroy" references: []
2025-10-11T22:56:57.861-0600 [DEBUG] ReferenceTransformer: "var.tags" references: []
2025-10-11T22:56:57.861-0600 [DEBUG] ReferenceTransformer: "local.sse_algorithm (expand)" references: [var.kms_key_id]
2025-10-11T22:56:57.861-0600 [DEBUG] ReferenceTransformer: "provider[\"registry.terraform.io/hashicorp/aws\"]" references: [var.region]
2025-10-11T22:56:57.863-0600 [DEBUG] ReferenceTransformer: "aws_s3_bucket_versioning.state (expand)" references: [aws_s3_bucket.state (expand) var.enable_versioning]
2025-10-11T22:56:57.864-0600 [DEBUG] ReferenceTransformer: "aws_dynamodb_table.locks (expand)" references: [var.dynamodb_table_name var.tags]
2025-10-11T22:56:57.864-0600 [DEBUG] ReferenceTransformer: "var.dynamodb_table_name" references: []
2025-10-11T22:56:57.864-0600 [DEBUG] ReferenceTransformer: "aws_s3_bucket_server_side_encryption_configuration.state (expand)" references: [aws_s3_bucket.state (expand) local.sse_algorithm (expand) var.kms_key_id var.kms_key_id]
2025-10-11T22:56:57.868-0600 [DEBUG] Starting graph walk: walkApply
2025-10-11T22:56:57.869-0600 [DEBUG] created provider logger: level=debug
2025-10-11T22:56:57.869-0600 [INFO]  provider: configuring client automatic mTLS
2025-10-11T22:56:58.067-0600 [DEBUG] provider: starting plugin: path=.terraform/providers/registry.terraform.io/hashicorp/aws/5.100.0/windows_386/terraform-provider-aws_v5.100.0_x5.exe args=[".terraform/providers/registry.terraform.io/hashicorp/aws/5.100.0/windows_386/terraform-provider-aws_v5.100.0_x5.exe"]
2025-10-11T22:56:58.094-0600 [DEBUG] provider: plugin started: path=.terraform/providers/registry.terraform.io/hashicorp/aws/5.100.0/windows_386/terraform-provider-aws_v5.100.0_x5.exe pid=28108
2025-10-11T22:56:58.094-0600 [DEBUG] provider: waiting for RPC address: plugin=.terraform/providers/registry.terraform.io/hashicorp/aws/5.100.0/windows_386/terraform-provider-aws_v5.100.0_x5.exe
2025-10-11T22:56:58.593-0600 [DEBUG] provider.terraform-provider-aws_v5.100.0_x5.exe: Starting github.com/hashicorp/terraform-provider-aws@5.100.0 (go1.23.10)...
2025-10-11T22:56:58.594-0600 [DEBUG] provider.terraform-provider-aws_v5.100.0_x5.exe: Initializing Terraform AWS Provider...
2025-10-11T22:56:58.705-0600 [INFO]  provider.terraform-provider-aws_v5.100.0_x5.exe: configuring server automatic mTLS: timestamp=2025-10-11T22:56:58.701-0600
2025-10-11T22:56:59.057-0600 [DEBUG] provider.terraform-provider-aws_v5.100.0_x5.exe: plugin address: address=127.0.0.1:10000 network=tcp timestamp=2025-10-11T22:56:59.057-0600
2025-10-11T22:56:59.057-0600 [DEBUG] provider: using plugin: version=5
2025-10-11T22:56:59.574-0600 [DEBUG] provider.terraform-provider-aws_v5.100.0_x5.exe: Configuring Terraform AWS Provider: @caller=github.com/hashicorp/terraform-provider-aws/internal/conns/config.go:144 @module=aws tf_mux_provider="*schema.GRPCProviderServer" tf_req_id=dc107f37-142b-a22a-b1ba-aab21e761780 tf_provider_addr=registry.terraform.io/hashicorp/aws tf_rpc=ConfigureProvider timestamp=2025-10-11T22:56:59.574-0600
2025-10-11T22:56:59.574-0600 [DEBUG] provider.terraform-provider-aws_v5.100.0_x5.exe: Resolving credentials provider: @caller=github.com/hashicorp/aws-sdk-go-base/v2@v2.0.0-beta.65/logging/tf_logger.go:47 @module=aws.aws-base tf_mux_provider="*schema.GRPCProviderServer" tf_provider_addr=registry.terraform.io/hashicorp/aws tf_req_id=dc107f37-142b-a22a-b1ba-aab21e761780 tf_rpc=ConfigureProvider timestamp=2025-10-11T22:56:59.574-0600
2025-10-11T22:56:59.575-0600 [DEBUG] provider.terraform-provider-aws_v5.100.0_x5.exe: Using profile: tf_aws.profile=Chideraa tf_aws.profile.source=envvar tf_provider_addr=registry.terraform.io/hashicorp/aws tf_req_id=dc107f37-142b-a22a-b1ba-aab21e761780 @caller=github.com/hashicorp/aws-sdk-go-base/v2@v2.0.0-beta.65/logging/tf_logger.go:47 @module=aws.aws-base tf_mux_provider="*schema.GRPCProviderServer" tf_rpc=ConfigureProvider timestamp=2025-10-11T22:56:59.575-0600
2025-10-11T22:56:59.575-0600 [DEBUG] provider.terraform-provider-aws_v5.100.0_x5.exe: Loading configuration: @module=aws.aws-base tf_mux_provider="*schema.GRPCProviderServer" tf_provider_addr=registry.terraform.io/hashicorp/aws tf_req_id=dc107f37-142b-a22a-b1ba-aab21e761780 tf_rpc=ConfigureProvider @caller=github.com/hashicorp/aws-sdk-go-base/v2@v2.0.0-beta.65/logging/tf_logger.go:47 timestamp=2025-10-11T22:56:59.575-0600
2025-10-11T22:56:59.576-0600 [DEBUG] provider.terraform-provider-aws_v5.100.0_x5.exe: Retrieving credentials: @caller=github.com/hashicorp/aws-sdk-go-base/v2@v2.0.0-beta.65/logging/tf_logger.go:47 tf_mux_provider="*schema.GRPCProviderServer" tf_req_id=dc107f37-142b-a22a-b1ba-aab21e761780 tf_rpc=ConfigureProvider @module=aws.aws-base tf_provider_addr=registry.terraform.io/hashicorp/aws timestamp=2025-10-11T22:56:59.576-0600
2025-10-11T22:56:59.576-0600 [INFO]  provider.terraform-provider-aws_v5.100.0_x5.exe: Retrieved credentials: @module=aws.aws-base tf_aws.credentials_source="SharedConfigCredentials: C:\Users\miche\.aws\credentials" tf_mux_provider="*schema.GRPCProviderServer" tf_provider_addr=registry.terraform.io/hashicorp/aws tf_req_id=dc107f37-142b-a22a-b1ba-aab21e761780 tf_rpc=ConfigureProvider @caller=github.com/hashicorp/aws-sdk-go-base/v2@v2.0.0-beta.65/logging/tf_logger.go:39 timestamp=2025-10-11T22:56:59.576-0600
2025-10-11T22:56:59.577-0600 [DEBUG] provider.terraform-provider-aws_v5.100.0_x5.exe: Loading configuration: @module=aws.aws-base tf_rpc=ConfigureProvider @caller=github.com/hashicorp/aws-sdk-go-base/v2@v2.0.0-beta.65/logging/tf_logger.go:47 tf_mux_provider="*schema.GRPCProviderServer" tf_provider_addr=registry.terraform.io/hashicorp/aws tf_req_id=dc107f37-142b-a22a-b1ba-aab21e761780 timestamp=2025-10-11T22:56:59.576-0600
2025-10-11T22:56:59.577-0600 [DEBUG] provider.terraform-provider-aws_v5.100.0_x5.exe: Creating AWS SDK v1 session: tf_provider_addr=registry.terraform.io/hashicorp/aws @caller=github.com/hashicorp/terraform-provider-aws/internal/conns/config.go:168 tf_req_id=dc107f37-142b-a22a-b1ba-aab21e761780 tf_rpc=ConfigureProvider @module=aws tf_mux_provider="*schema.GRPCProviderServer" timestamp=2025-10-11T22:56:59.577-0600
2025-10-11T22:56:59.579-0600 [DEBUG] provider.terraform-provider-aws_v5.100.0_x5.exe: Retrieving AWS account details: @module=aws tf_mux_provider="*schema.GRPCProviderServer" tf_req_id=dc107f37-142b-a22a-b1ba-aab21e761780 tf_rpc=ConfigureProvider tf_provider_addr=registry.terraform.io/hashicorp/aws @caller=github.com/hashicorp/terraform-provider-aws/internal/conns/config.go:183 timestamp=2025-10-11T22:56:59.579-0600
2025-10-11T22:56:59.579-0600 [DEBUG] provider.terraform-provider-aws_v5.100.0_x5.exe: Retrieving caller identity from STS: tf_mux_provider="*schema.GRPCProviderServer" @caller=github.com/hashicorp/aws-sdk-go-base/v2@v2.0.0-beta.65/logging/tf_logger.go:47 @module=aws.aws-base tf_provider_addr=registry.terraform.io/hashicorp/aws tf_req_id=dc107f37-142b-a22a-b1ba-aab21e761780 tf_rpc=ConfigureProvider timestamp=2025-10-11T22:56:59.579-0600
2025-10-11T22:56:59.582-0600 [DEBUG] provider.terraform-provider-aws_v5.100.0_x5.exe: HTTP Request Sent: http.request.header.x_amz_date=20251012T045659Z aws.region=us-east-2
  http.request.body=
  | Action=GetCallerIdentity&Version=2011-06-15
   http.request.header.content_type=application/x-www-form-urlencoded rpc.system=aws-api tf_aws.signing_region="" tf_mux_provider="*schema.GRPCProviderServer" tf_req_id=dc107f37-142b-a22a-b1ba-aab21e761780 @module=aws.aws-base http.request.header.amz_sdk_request="attempt=1; max=25" http.request.header.authorization="AWS4-HMAC-SHA256 Credential=AKIA************3APN/20251012/us-east-2/sts/aws4_request, SignedHeaders=amz-sdk-invocation-id;amz-sdk-request;content-length;content-type;host;x-amz-date, Signature=*****" http.request_content_length=43 rpc.service=STS tf_aws.sdk=aws-sdk-go-v2 tf_provider_addr=registry.terraform.io/hashicorp/aws tf_rpc=ConfigureProvider @caller=github.com/hashicorp/aws-sdk-go-base/v2@v2.0.0-beta.65/logging/tf_logger.go:47 http.method=POST http.request.header.amz_sdk_invocation_id=4fe7665e-1239-4414-ab2e-56af6e27f1eb http.user_agent="APN/1.0 HashiCorp/1.0 Terraform/1.12.0 (+https://www.terraform.io) terraform-provider-aws/5.100.0 (+https://registry.terraform.io/providers/hashicorp/aws) aws-sdk-go-v2/1.36.3 ua/2.1 os/windows lang/go#1.23.10 md/GOOS#windows md/GOARCH#386 api/sts#1.33.20 m/n" rpc.method=GetCallerIdentity http.url=https://sts.us-east-2.amazonaws.com/ net.peer.name=sts.us-east-2.amazonaws.com timestamp=2025-10-11T22:56:59.582-0600
2025-10-11T22:57:00.135-0600 [DEBUG] provider.terraform-provider-aws_v5.100.0_x5.exe: HTTP Response Received: http.duration=550 http.response.header.content_type=text/xml http.response.header.x_amz_sts_extended_request_id=MTp1cy1lYXN0LTI6MTc2MDI0NTAyMDczODpSOm1GdGNQd09Q http.response_content_length=405 @caller=github.com/hashicorp/aws-sdk-go-base/v2@v2.0.0-beta.65/logging/tf_logger.go:47 http.response.header.x_amzn_requestid=377d2706-3e5e-4958-af17-5a9599baab31 rpc.service=STS tf_aws.sdk=aws-sdk-go-v2 tf_aws.signing_region="" tf_mux_provider="*schema.GRPCProviderServer" tf_req_id=dc107f37-142b-a22a-b1ba-aab21e761780 http.response.header.date="Sun, 12 Oct 2025 04:57:00 GMT" rpc.system=aws-api tf_rpc=ConfigureProvider @module=aws.aws-base
  http.response.body=
  | <GetCallerIdentityResponse xmlns="https://sts.amazonaws.com/doc/2011-06-15/">
  |   <GetCallerIdentityResult>
  |     <Arn>arn:aws:iam::147997123299:user/Chideraa</Arn>
  |     <UserId>AIDA*************ONEB</UserId>
  |     <Account>147997123299</Account>
  |   </GetCallerIdentityResult>
  |   <ResponseMetadata>
  |     <RequestId>377d2706-3e5e-4958-af17-5a9599baab31</RequestId>
  |   </ResponseMetadata>
  | </GetCallerIdentityResponse>
   rpc.method=GetCallerIdentity tf_provider_addr=registry.terraform.io/hashicorp/aws http.status_code=200 aws.region=us-east-2 timestamp=2025-10-11T22:57:00.134-0600
2025-10-11T22:57:00.136-0600 [INFO]  provider.terraform-provider-aws_v5.100.0_x5.exe: Retrieved caller identity from STS: @caller=github.com/hashicorp/aws-sdk-go-base/v2@v2.0.0-beta.65/logging/tf_logger.go:39 @module=aws.aws-base tf_mux_provider="*schema.GRPCProviderServer" tf_provider_addr=registry.terraform.io/hashicorp/aws tf_req_id=dc107f37-142b-a22a-b1ba-aab21e761780 tf_rpc=ConfigureProvider timestamp=2025-10-11T22:57:00.135-0600
2025-10-11T22:57:00.153-0600 [DEBUG] provider.stdio: received EOF, stopping recv loop: err="rpc error: code = Unavailable desc = error reading from server: EOF"
2025-10-11T22:57:00.299-0600 [INFO]  provider: plugin process exited: plugin=.terraform/providers/registry.terraform.io/hashicorp/aws/5.100.0/windows_386/terraform-provider-aws_v5.100.0_x5.exe id=28108
2025-10-11T22:57:00.300-0600 [DEBUG] provider: plugin exited
